water,,,,,,,,,,,,,,,,,,,,,,,,,,,,,,,,,,,,,,,,,,,,,,,,,,,,,,,,,,,,,,,,,,,,,,,,,,,,,,,,,,,,,,,,,,,,,,,,,,,,,,,,,,,,,,,,,,,,,,,,,,,,,,,,,,,,,,,,,,,,,,,,,,,,,,,,,,,,,,,,,,,,,,,,,,,,,,,,,,,,,,,,,,,,,,,,,,,,,,,,,,,,,,,,,,,,,,,,,,,,,,,,,,,,,,,,,,,,,,,,,,,,,,,,,,,,,,
序号,"是否参与生成(0不参与,1参与)默认1",河流名称,权属,断面名称,考核街乡,水质标准,pH值,现状水质类别,溶解氧（mg/L),现状水质类别,高锰酸盐指数（mg/L),现状水质类别,化学需氧量（mg/L),现状水质类别,五日生化需氧量（mg/L),现状水质类别,氨氮（mg/L),现状水质类别,总磷（mg/L),现状水质类别,铜（mg/L),现状水质类别,锌（mg/L),现状水质类别,氟化物（mg/L),现状水质类别,硒（mg/L),现状水质类别,砷（mg/L),现状水质类别,汞（mg/L),现状水质类别,镉（mg/L),现状水质类别,六价铬（mg/L),现状水质类别,铅（mg/L),现状水质类别,氰化物（mg/L),现状水质类别,挥发酚（mg/L),现状水质类别,石油类（mg/L),现状水质类别,阴离子表面活性剂（mg/L),现状水质类别,硫化物（mg/L),现状水质类别,断面现状 水质类别,河道现状        水质类别,是否达标,备注,,,,,,,,,,,,,,,,,,,,,,,,,,,,水质标准,,,,,,占有水断面比例,占总断面比例,,,,,,,,,,,,,,,,,,,,,,,,,,,,,,,,,,,,,,,,,,,,,,,,,,,,,,,,,,,,,,,,,,,,,,,,,,,,,,,,,,,,,,,,,,,,,,,,,,,,,,,,,,,,,,,,,,,,,,,,,,,,,,,,,,,,,,,,,,,,,,,,,,,,,,,,,,,,,,,,,,,,,,,
1,,清河,市管,滨河路桥,奥运村,Ⅴ,7.69,Ⅰ,9.1,Ⅰ,4.3,Ⅲ,15,Ⅰ,4.1,Ⅳ,0.514,Ⅲ,0.13,Ⅲ,0.0032,Ⅰ,0.0079,Ⅰ,0.236,Ⅰ,0.0002,Ⅰ,0.00015,Ⅰ,0.00002,Ⅰ,0.00003,Ⅰ,0.002,Ⅰ,0,Ⅰ,0.002,Ⅰ,0.00015,Ⅰ,0.01,Ⅰ,0.03,Ⅰ,0.003,Ⅰ,Ⅳ,,是,,Ⅳ,,Ⅰ,1,,1,1,3,1,4,3,3,1,1,1,1,1,1,1,1,1,1,1,1,1,1,4,5,Ⅰ类,Ⅰ,0,,,,,,,,,,,,,,,,,,,,,,,,,,,,,,,,,,,,,,,,,,,,,,,,,,,,,,,,,,,,,,,,,,,,,,,,,,,,,,,,,,,,,,,,,,,,,,,,,,,,,,,,,,,,,,,,,,,,,,,,,,,,,,,,,,,,,,,,,,,,,,,,,,,,,,,,,,,,,,,,,,,,,,,,,,,
2,,清河,市管,北苑东路,来广营,Ⅴ,8.21,Ⅰ,11.3,Ⅰ,3.8,Ⅱ,13,Ⅰ,3.2,Ⅲ,0.594,Ⅲ,0.12,Ⅲ,0.0033,Ⅰ,0.005,Ⅰ,0.253,Ⅰ,0.0002,Ⅰ,0.00015,Ⅰ,0.00002,Ⅰ,0.00003,Ⅰ,0.002,Ⅰ,0,Ⅰ,0.002,Ⅰ,0.00015,Ⅰ,0.01,Ⅰ,0.03,Ⅰ,0.003,Ⅰ,Ⅲ,,是,,Ⅲ,,Ⅱ,2,,1,1,2,1,3,3,3,1,1,1,1,1,1,1,1,1,1,1,1,1,1,3,5,Ⅱ类,Ⅱ,0,I~III,4,9%,5%,,,,,,,,,,,,,,,,,,,,,,,,,,,,,,,,,,,,,,,,,,,,,,,,,,,,,,,,,,,,,,,,,,,,,,,,,,,,,,,,,,,,,,,,,,,,,,,,,,,,,,,,,,,,,,,,,,,,,,,,,,,,,,,,,,,,,,,,,,,,,,,,,,,,,,,,,,,,,,,,,,,,,,,
3,,清河,市管,沙子营闸,孙  河,Ⅴ,7.48,Ⅰ,12.3,Ⅰ,5.6,Ⅲ,21,Ⅳ,5.6,Ⅳ,0.964,Ⅲ,0.53,劣Ⅴ2,0.0041,Ⅰ,0.0087,Ⅰ,0.278,Ⅰ,0.0002,Ⅰ,0.00015,Ⅰ,0.00002,Ⅰ,0.00003,Ⅰ,0.002,Ⅰ,0,Ⅰ,0.002,Ⅰ,0.00015,Ⅰ,0.01,Ⅰ,0.03,Ⅰ,0.003,Ⅰ,劣Ⅴ2,,否,,劣Ⅴ2,,Ⅲ,3,,1,1,3,4,4,3,7,1,1,1,1,1,1,1,1,1,1,1,1,1,1,7,5,Ⅲ类,Ⅲ,4,Ⅳ,,,,,,,,,,,,,,,,,,,,,,,,,,,,,,,,,,,,,,,,,,,,,,,,,,,,,,,,,,,,,,,,,,,,,,,,,,,,,,,,,,,,,,,,,,,,,,,,,,,,,,,,,,,,,,,,,,,,,,,,,,,,,,,,,,,,,,,,,,,,,,,,,,,,,,,,,,,,,,,,,,,,,,,,,,
4,,土城沟,市管,安定路,亚运村、安贞,Ⅳ,8.27,Ⅰ,15.8,Ⅰ,4.2,Ⅲ,16,Ⅲ,4.1,Ⅳ,0.187,Ⅱ,0.07,Ⅱ,0.0024,Ⅰ,0.0044,Ⅰ,0.201,Ⅰ,0.0002,Ⅰ,0.00015,Ⅰ,0.00002,Ⅰ,0.00003,Ⅰ,0.002,Ⅰ,0,Ⅰ,0.002,Ⅰ,0.00015,Ⅰ,0.01,Ⅰ,0.05,Ⅰ,0.003,Ⅰ,Ⅳ,,是,,Ⅳ,,Ⅳ,4,,1,1,3,3,4,2,2,1,1,1,1,1,1,1,1,1,1,1,1,1,1,4,4,Ⅴ类,Ⅴ,17,劣Ⅴ,22,51%,28%,,,,,,,,,,,,,,,,,,,,,,,,,,,,,,,,,,,,,,,,,,,,,,,,,,,,,,,,,,,,,,,,,,,,,,,,,,,,,,,,,,,,,,,,,,,,,,,,,,,,,,,,,,,,,,,,,,,,,,,,,,,,,,,,,,,,,,,,,,,,,,,,,,,,,,,,,,,,,,,,,,,,,,,
5,0,土城沟,市管,樱花东桥,小  关,Ⅳ,/,劣Ⅴ4,/,Ⅰ,/,劣Ⅴ4,/,劣Ⅴ4,/,劣Ⅴ4,/,劣Ⅴ4,/,劣Ⅴ4,/,劣Ⅴ4,/,劣Ⅴ4,/,劣Ⅴ4,/,劣Ⅴ4,/,劣Ⅴ4,/,劣Ⅴ4,/,劣Ⅴ4,/,劣Ⅴ4,/,劣Ⅴ4,/,劣Ⅴ4,/,劣Ⅴ4,/,劣Ⅴ4,/,劣Ⅴ4,/,劣Ⅴ4,/,,/,河面结冰，无法取样，故不做检测。,/,,Ⅴ,5,,9,1,9,9,9,9,9,9,9,9,9,9,9,9,9,9,9,9,9,9,9,9,4,劣Ⅴ1类,劣Ⅴ1,5,,,,,,,,,,,,,,,,,,,,,,,,,,,,,,,,,,,,,,,,,,,,,,,,,,,,,,,,,,,,,,,,,,,,,,,,,,,,,,,,,,,,,,,,,,,,,,,,,,,,,,,,,,,,,,,,,,,,,,,,,,,,,,,,,,,,,,,,,,,,,,,,,,,,,,,,,,,,,,,,,,,,,,,,,,,
6,,土城沟,市管,北三环东路辅路,太阳宫,Ⅳ,8.56,Ⅰ,11.9,Ⅰ,4.7,Ⅲ,17,Ⅲ,4,Ⅲ,0.231,Ⅱ,0.1,Ⅱ,0.003,Ⅰ,0.0045,Ⅰ,0.2,Ⅰ,0.0002,Ⅰ,0.0004,Ⅰ,0.00002,Ⅰ,0.00003,Ⅰ,0.002,Ⅰ,0.0001,Ⅰ,0.002,Ⅰ,0.00015,Ⅰ,0.01,Ⅰ,0.06,Ⅰ,0.003,Ⅰ,Ⅲ,,是,,Ⅲ,,劣Ⅴ1,6,,1,1,3,3,3,2,2,1,1,1,1,1,1,1,1,1,1,1,1,1,1,3,4,劣Ⅴ2类,劣Ⅴ2,11,,,,,,,,,,,,,,,,,,,,,,,,,,,,,,,,,,,,,,,,,,,,,,,,,,,,,,,,,,,,,,,,,,,,,,,,,,,,,,,,,,,,,,,,,,,,,,,,,,,,,,,,,,,,,,,,,,,,,,,,,,,,,,,,,,,,,,,,,,,,,,,,,,,,,,,,,,,,,,,,,,,,,,,,,,,
7,,土城沟,市管,土城沟出水闸,香河园,Ⅳ,7.9,Ⅰ,8.3,Ⅰ,7.2,Ⅳ,48,劣Ⅴ1,12.2,劣Ⅴ2,0.503,Ⅲ,0.14,Ⅲ,0.0035,Ⅰ,0.0068,Ⅰ,0.226,Ⅰ,0.0002,Ⅰ,0.0008,Ⅰ,0.00002,Ⅰ,0.00003,Ⅰ,0.002,Ⅰ,0.0001,Ⅰ,0.002,Ⅰ,0.00015,Ⅰ,0.01,Ⅰ,0.03,Ⅰ,0.003,Ⅰ,劣Ⅴ2,,否,河面结冰，无法取样，故不做检测。,劣Ⅴ2,,劣Ⅴ2,7,,1,1,4,6,7,3,3,1,1,1,1,1,1,1,1,1,1,1,1,1,1,7,4,劣Ⅴ3类,劣Ⅴ3,6,,,,,,,,,,,,,,,,,,,,,,,,,,,,,,,,,,,,,,,,,,,,,,,,,,,,,,,,,,,,,,,,,,,,,,,,,,,,,,,,,,,,,,,,,,,,,,,,,,,,,,,,,,,,,,,,,,,,,,,,,,,,,,,,,,,,,,,,,,,,,,,,,,,,,,,,,,,,,,,,,,,,,,,,,,,
8,,北小河,区管,北辰高尔夫,大  屯,Ⅴ,7.42,Ⅰ,5.5,Ⅲ,4,Ⅱ,10,Ⅰ,2.5,Ⅰ,0.636,Ⅲ,0.16,Ⅲ,0.0032,Ⅰ,0.012,Ⅰ,0.267,Ⅰ,0.0002,Ⅰ,0.00015,Ⅰ,0.00002,Ⅰ,0.00003,Ⅰ,0.002,Ⅰ,0,Ⅰ,0.002,Ⅰ,0.00015,Ⅰ,0.01,Ⅰ,0.03,Ⅰ,0.003,Ⅰ,Ⅲ,,是,,Ⅲ,,劣Ⅴ3,8,,1,3,2,1,1,3,3,1,1,1,1,1,1,1,1,1,1,1,1,1,1,3,5,,/,35,,,,,,,,,,,,,,,,,,,,,,,,,,,,,,,,,,,,,,,,,,,,,,,,,,,,,,,,,,,,,,,,,,,,,,,,,,,,,,,,,,,,,,,,,,,,,,,,,,,,,,,,,,,,,,,,,,,,,,,,,,,,,,,,,,,,,,,,,,,,,,,,,,,,,,,,,,,,,,,,,,,,,,,,,,,
9,,北小河,区管,北湖村,来广营,Ⅴ,7.4,Ⅰ,5.4,Ⅲ,3.9,Ⅱ,17,Ⅲ,4,Ⅲ,0.739,Ⅲ,0.19,Ⅲ,0.0034,Ⅰ,0.0111,Ⅰ,0.266,Ⅰ,0.0002,Ⅰ,0.00015,Ⅰ,0.00002,Ⅰ,0.00003,Ⅰ,0.002,Ⅰ,0.0001,Ⅰ,0.002,Ⅰ,0.00015,Ⅰ,0.01,Ⅰ,0.03,Ⅰ,0.003,Ⅰ,Ⅲ,,是,,Ⅲ,,劣Ⅴ4,9,,1,3,2,3,3,3,3,1,1,1,1,1,1,1,1,1,1,1,1,1,1,3,5,,总数,78,,,,,,,,,,,,,,,,,,,,,,,,,,,,,,,,,,,,,,,,,,,,,,,,,,,,,,,,,,,,,,,,,,,,,,,,,,,,,,,,,,,,,,,,,,,,,,,,,,,,,,,,,,,,,,,,,,,,,,,,,,,,,,,,,,,,,,,,,,,,,,,,,,,,,,,,,,,,,,,,,,,,,,,,,,,
10,,北小河,区管,望京橡胶坝,东  湖,Ⅴ,7.52,Ⅰ,4.9,Ⅳ,4.8,Ⅲ,18,Ⅲ,5,Ⅳ,3.82,劣Ⅴ1,0.4,Ⅴ,0.0033,Ⅰ,0.0154,Ⅰ,0.283,Ⅰ,0.0002,Ⅰ,0.001,Ⅰ,0.00002,Ⅰ,0.00003,Ⅰ,0.002,Ⅰ,0,Ⅰ,0.002,Ⅰ,0.00015,Ⅰ,0.01,Ⅰ,0.03,Ⅰ,0.003,Ⅰ,劣Ⅴ1,,否,,劣Ⅴ1,,,,,1,4,3,3,4,6,5,1,1,1,1,1,1,1,1,1,1,1,1,1,1,6,5,,,,,,,,,,,,,,,,,,,,,,,,,,,,,,,,,,,,,,,,,,,,,,,,,,,,,,,,,,,,,,,,,,,,,,,,,,,,,,,,,,,,,,,,,,,,,,,,,,,,,,,,,,,,,,,,,,,,,,,,,,,,,,,,,,,,,,,,,,,,,,,,,,,,,,,,,,,,,,,,,,,,,,,,,,,,,,
11,,北小河,区管,南皋路,崔各庄,Ⅴ,7.56,Ⅰ,5.7,Ⅲ,13.1,Ⅴ,83,劣Ⅴ3,22.1,劣Ⅴ3,21.7,劣Ⅴ3,2.12,劣Ⅴ3,0.0032,Ⅰ,0.0091,Ⅰ,0.218,Ⅰ,0.0002,Ⅰ,0.0022,Ⅰ,0.00002,Ⅰ,0.00003,Ⅰ,0.002,Ⅰ,0.0001,Ⅰ,0.002,Ⅰ,0.00015,Ⅰ,0.01,Ⅰ,0.07,Ⅰ,0.003,Ⅰ,劣Ⅴ3,,否,,劣Ⅴ3,,1,Ⅰ,,1,3,5,8,8,8,8,1,1,1,1,1,1,1,1,1,1,1,1,1,1,8,5,,,,,,,,,,,,,,,,,,,,,,,,,,,,,,,,,,,,,,,,,,,,,,,,,,,,,,,,,,,,,,,,,,,,,,,,,,,,,,,,,,,,,,,,,,,,,,,,,,,,,,,,,,,,,,,,,,,,,,,,,,,,,,,,,,,,,,,,,,,,,,,,,,,,,,,,,,,,,,,,,,,,,,,,,,,,,,
12,,北小河,区管,东岗子闸,金  盏,Ⅴ,7.67,Ⅰ,5.7,Ⅲ,5.9,Ⅲ,45,劣Ⅴ1,11.6,劣Ⅴ2,14.4,劣Ⅴ3,1.39,劣Ⅴ3,0.0032,Ⅰ,0.007,Ⅰ,0.299,Ⅰ,0.0002,Ⅰ,0.0013,Ⅰ,0.00002,Ⅰ,0.00003,Ⅰ,0.002,Ⅰ,0.0001,Ⅰ,0.002,Ⅰ,0.00015,Ⅰ,0.01,Ⅰ,0.06,Ⅰ,0.003,Ⅰ,劣Ⅴ3,,否,,劣Ⅴ3,,2,Ⅱ,,1,3,3,6,7,8,8,1,1,1,1,1,1,1,1,1,1,1,1,1,1,8,5,,,,,,,,,,,,,,,,,,,,,,,,,,,,,,,,,,,,,,,,,,,,,,,,,,,,,,,,,,,,,,,,,,,,,,,,,,,,,,,,,,,,,,,,,,,,,,,,,,,,,,,,,,,,,,,,,,,,,,,,,,,,,,,,,,,,,,,,,,,,,,,,,,,,,,,,,,,,,,,,,,,,,,,,,,,,,,
13,,北小河,区管,东坝路,东  坝,Ⅴ,7.62,Ⅰ,5.6,Ⅲ,5.9,Ⅲ,31,Ⅴ,8.3,Ⅴ,8.49,劣Ⅴ3,1.08,劣Ⅴ3,0.0032,Ⅰ,0.0072,Ⅰ,0.3,Ⅰ,0.0002,Ⅰ,0.0014,Ⅰ,0.00002,Ⅰ,0.00003,Ⅰ,0.002,Ⅰ,0,Ⅰ,0.002,Ⅰ,0.00015,Ⅰ,0.01,Ⅰ,0.03,Ⅰ,0.003,Ⅰ,劣Ⅴ3,,否,,劣Ⅴ3,,3,Ⅲ,,1,3,3,5,5,8,8,1,1,1,1,1,1,1,1,1,1,1,1,1,1,8,5,,,,,4月份,5月份,,,,,,,,,,,,,,,,,,,,,,,,,,,,,,,,,,,,,,,,,,,,,,,,,,,,,,,,,,,,,,,,,,,,,,,,,,,,,,,,,,,,,,,,,,,,,,,,,,,,,,,,,,,,,,,,,,,,,,,,,,,,,,,,,,,,,,,,,,,,,,,,,,,,,,,,,,,,,,,,,,,,,,,,
14,,清洋河,区管,入清河口,奥运村,Ⅳ,7.37,Ⅰ,9.5,Ⅰ,7.1,Ⅳ,50,劣Ⅴ1,14.4,劣Ⅴ2,2.98,劣Ⅴ1,0.46,劣Ⅴ1,0.003,Ⅰ,0.0072,Ⅰ,0.259,Ⅰ,0.0002,Ⅰ,0.00015,Ⅰ,0.00002,Ⅰ,0.00003,Ⅰ,0.002,Ⅰ,0.0001,Ⅰ,0.002,Ⅰ,0.00015,Ⅰ,0.01,Ⅰ,0.03,Ⅰ,0.003,Ⅰ,劣Ⅴ2,劣Ⅴ2,否,河面结冰，无法取样，故不做检测。,劣Ⅴ2,,4,Ⅳ,,1,1,4,6,7,6,6,1,1,1,1,1,1,1,1,1,1,1,1,1,1,7,4,,,,Ⅳ,13,14,,,,,,,,,,,,,,,,,,,,,,,,,,,,,,,,,,,,,,,,,,,,,,,,,,,,,,,,,,,,,,,,,,,,,,,,,,,,,,,,,,,,,,,,,,,,,,,,,,,,,,,,,,,,,,,,,,,,,,,,,,,,,,,,,,,,,,,,,,,,,,,,,,,,,,,,,,,,,,,,,,,,,,,,
15,0,清洋河,区管,崔各庄孙河交界处,崔各庄,Ⅴ,/,劣Ⅴ4,/,Ⅰ,/,劣Ⅴ4,/,劣Ⅴ4,/,劣Ⅴ4,/,劣Ⅴ4,/,劣Ⅴ4,/,劣Ⅴ4,/,劣Ⅴ4,/,劣Ⅴ4,/,劣Ⅴ4,/,劣Ⅴ4,/,劣Ⅴ4,/,劣Ⅴ4,/,劣Ⅴ4,/,劣Ⅴ4,/,劣Ⅴ4,/,劣Ⅴ4,/,劣Ⅴ4,/,劣Ⅴ4,/,劣Ⅴ4,/,,/,河面结冰，无法取样，故不做检测。,/,,5,Ⅴ,,9,1,9,9,9,9,9,9,9,9,9,9,9,9,9,9,9,9,9,9,9,9,5,,,,V,16,17,,,,,,,,,,,,,,,,,,,,,,,,,,,,,,,,,,,,,,,,,,,,,,,,,,,,,,,,,,,,,,,,,,,,,,,,,,,,,,,,,,,,,,,,,,,,,,,,,,,,,,,,,,,,,,,,,,,,,,,,,,,,,,,,,,,,,,,,,,,,,,,,,,,,,,,,,,,,,,,,,,,,,,,,
16,0,清洋河,区管,西干沟闸,孙  河,Ⅴ,/,劣Ⅴ4,/,Ⅰ,/,劣Ⅴ4,/,劣Ⅴ4,/,劣Ⅴ4,/,劣Ⅴ4,/,劣Ⅴ4,/,劣Ⅴ4,/,劣Ⅴ4,/,劣Ⅴ4,/,劣Ⅴ4,/,劣Ⅴ4,/,劣Ⅴ4,/,劣Ⅴ4,/,劣Ⅴ4,/,劣Ⅴ4,/,劣Ⅴ4,/,劣Ⅴ4,/,劣Ⅴ4,/,劣Ⅴ4,/,劣Ⅴ4,/,,/,,/,,6,劣Ⅴ1,,9,1,9,9,9,9,9,9,9,9,9,9,9,9,9,9,9,9,9,9,9,9,5,,,,劣Ⅴ,30,30,,,,,,,,,,,,,,,,,,,,,,,,,,,,,,,,,,,,,,,,,,,,,,,,,,,,,,,,,,,,,,,,,,,,,,,,,,,,,,,,,,,,,,,,,,,,,,,,,,,,,,,,,,,,,,,,,,,,,,,,,,,,,,,,,,,,,,,,,,,,,,,,,,,,,,,,,,,,,,,,,,,,,,,,
17,,沈家坟干渠,区管,李县坟村,孙  河,Ⅴ,8.38,Ⅰ,10.9,Ⅰ,4.7,Ⅲ,20,Ⅲ,5.1,Ⅳ,0.247,Ⅱ,0.07,Ⅱ,0.0041,Ⅰ,0.0093,Ⅰ,0.304,Ⅰ,0.0002,Ⅰ,0.0006,Ⅰ,0.00002,Ⅰ,0.00003,Ⅰ,0.002,Ⅰ,0,Ⅰ,0.002,Ⅰ,0.00015,Ⅰ,0.01,Ⅰ,0.03,Ⅰ,0.003,Ⅰ,Ⅳ,,是,河面结冰，无法取样，故不做检测。,Ⅳ,,7,劣Ⅴ2,,1,1,3,3,4,2,2,1,1,1,1,1,1,1,1,1,1,1,1,1,1,4,5,,,,,,,,,,,,,,,,,,,,,,,,,,,,,,,,,,,,,,,,,,,,,,,,,,,,,,,,,,,,,,,,,,,,,,,,,,,,,,,,,,,,,,,,,,,,,,,,,,,,,,,,,,,,,,,,,,,,,,,,,,,,,,,,,,,,,,,,,,,,,,,,,,,,,,,,,,,,,,,,,,,,,,,,,,,,,,
18,0,沈家坟干渠,,高强公司,崔各庄,Ⅴ,/,劣Ⅴ4,/,Ⅰ,/,劣Ⅴ4,/,劣Ⅴ4,/,劣Ⅴ4,/,劣Ⅴ4,/,劣Ⅴ4,/,劣Ⅴ4,/,劣Ⅴ4,/,劣Ⅴ4,/,劣Ⅴ4,/,劣Ⅴ4,/,劣Ⅴ4,/,劣Ⅴ4,/,劣Ⅴ4,/,劣Ⅴ4,/,劣Ⅴ4,/,劣Ⅴ4,/,劣Ⅴ4,/,劣Ⅴ4,/,劣Ⅴ4,/,,/,河面结冰，无法取样，故不做检测。,/,,8,劣Ⅴ3,,9,1,9,9,9,9,9,9,9,9,9,9,9,9,9,9,9,9,9,9,9,9,5,,,,,,,,,,,,,,,,,,,,,,,,,,,,,,,,,,,,,,,,,,,,,,,,,,,,,,,,,,,,,,,,,,,,,,,,,,,,,,,,,,,,,,,,,,,,,,,,,,,,,,,,,,,,,,,,,,,,,,,,,,,,,,,,,,,,,,,,,,,,,,,,,,,,,,,,,,,,,,,,,,,,,,,,,,,,,,
19,,望京沟,区管,保利广场,望  京,Ⅴ,7.62,Ⅰ,10.7,Ⅰ,5.1,Ⅲ,19,Ⅲ,5.1,Ⅳ,1.54,Ⅴ,0.2,Ⅲ,0.0042,Ⅰ,0.0087,Ⅰ,0.285,Ⅰ,0.0002,Ⅰ,0.0004,Ⅰ,0.00002,Ⅰ,0.00003,Ⅰ,0.002,Ⅰ,0,Ⅰ,0.002,Ⅰ,0.00015,Ⅰ,0.01,Ⅰ,0.03,Ⅰ,0.003,Ⅰ,Ⅴ,,是,河面结冰，无法取样，故不做检测。,Ⅴ,,9,劣Ⅴ4,,1,1,3,3,4,5,3,1,1,1,1,1,1,1,1,1,1,1,1,1,1,5,5,,,,,,,,,,,,,,,,,,,,,,,,,,,,,,,,,,,,,,,,,,,,,,,,,,,,,,,,,,,,,,,,,,,,,,,,,,,,,,,,,,,,,,,,,,,,,,,,,,,,,,,,,,,,,,,,,,,,,,,,,,,,,,,,,,,,,,,,,,,,,,,,,,,,,,,,,,,,,,,,,,,,,,,,,,,,,,
20,0,望京沟,,望京公园东1门,崔各庄,Ⅴ,/,劣Ⅴ4,/,Ⅰ,/,劣Ⅴ4,/,劣Ⅴ4,/,劣Ⅴ4,/,劣Ⅴ4,/,劣Ⅴ4,/,劣Ⅴ4,/,劣Ⅴ4,/,劣Ⅴ4,/,劣Ⅴ4,/,劣Ⅴ4,/,劣Ⅴ4,/,劣Ⅴ4,/,劣Ⅴ4,/,劣Ⅴ4,/,劣Ⅴ4,/,劣Ⅴ4,/,劣Ⅴ4,/,劣Ⅴ4,/,劣Ⅴ4,/,,/,河面结冰，无法取样，故不做检测。,/,,,,,9,1,9,9,9,9,9,9,9,9,9,9,9,9,9,9,9,9,9,9,9,9,5,,,,,,,,,,,,,,,,,,,,,,,,,,,,,,,,,,,,,,,,,,,,,,,,,,,,,,,,,,,,,,,,,,,,,,,,,,,,,,,,,,,,,,,,,,,,,,,,,,,,,,,,,,,,,,,,,,,,,,,,,,,,,,,,,,,,,,,,,,,,,,,,,,,,,,,,,,,,,,,,,,,,,,,,,,,,,,
21,0,沙子营西南排水沟,乡管,入清河口,孙  河,Ⅴ,/,劣Ⅴ4,/,Ⅰ,/,劣Ⅴ4,/,劣Ⅴ4,/,劣Ⅴ4,/,劣Ⅴ4,/,劣Ⅴ4,/,劣Ⅴ4,/,劣Ⅴ4,/,劣Ⅴ4,/,劣Ⅴ4,/,劣Ⅴ4,/,劣Ⅴ4,/,劣Ⅴ4,/,劣Ⅴ4,/,劣Ⅴ4,/,劣Ⅴ4,/,劣Ⅴ4,/,劣Ⅴ4,/,劣Ⅴ4,/,劣Ⅴ4,/,/,/,,/,,,,,9,1,9,9,9,9,9,9,9,9,9,9,9,9,9,9,9,9,9,9,9,9,5,,,,,,,,,,,,,,,,,,,,,,,,,,,,,,,,,,,,,,,,,,,,,,,,,,,,,,,,,,,,,,,,,,,,,,,,,,,,,,,,,,,,,,,,,,,,,,,,,,,,,,,,,,,,,,,,,,,,,,,,,,,,,,,,,,,,,,,,,,,,,,,,,,,,,,,,,,,,,,,,,,,,,,,,,,,,,,
22,0,沙总排,乡管,入清河口,孙  河,Ⅴ,/,劣Ⅴ4,/,Ⅰ,/,劣Ⅴ4,/,劣Ⅴ4,/,劣Ⅴ4,/,劣Ⅴ4,/,劣Ⅴ4,/,劣Ⅴ4,/,劣Ⅴ4,/,劣Ⅴ4,/,劣Ⅴ4,/,劣Ⅴ4,/,劣Ⅴ4,/,劣Ⅴ4,/,劣Ⅴ4,/,劣Ⅴ4,/,劣Ⅴ4,/,劣Ⅴ4,/,劣Ⅴ4,/,劣Ⅴ4,/,劣Ⅴ4,/,/,/,,/,,,,,9,1,9,9,9,9,9,9,9,9,9,9,9,9,9,9,9,9,9,9,9,9,5,,,,,,,,,,,,,,,,,,,,,,,,,,,,,,,,,,,,,,,,,,,,,,,,,,,,,,,,,,,,,,,,,,,,,,,,,,,,,,,,,,,,,,,,,,,,,,,,,,,,,,,,,,,,,,,,,,,,,,,,,,,,,,,,,,,,,,,,,,,,,,,,,,,,,,,,,,,,,,,,,,,,,,,,,,,,,,
23,,温榆河（右岸）,市管,苇沟闸,孙  河,Ⅴ,7.47,Ⅰ,8.1,Ⅰ,6.5,Ⅳ,25,Ⅳ,10.4,劣Ⅴ2,2.88,劣Ⅴ1,0.46,劣Ⅴ1,0.001,Ⅰ,0.03,Ⅰ,0.375,Ⅰ,0.0002,Ⅰ,0.0008,Ⅰ,0.00002,Ⅰ,0,Ⅰ,0.002,Ⅰ,0.01,Ⅰ,0,Ⅰ,0,Ⅰ,0.1,Ⅳ,0.09,Ⅰ,0.003,Ⅰ,劣Ⅴ2,,否,,劣Ⅴ2,,,,,1,1,4,4,7,6,6,1,1,1,1,1,1,1,1,1,1,1,4,1,1,7,5,,,,,,,,,,,,,,,,,,,,,,,,,,,,,,,,,,,,,,,,,,,,,,,,,,,,,,,,,,,,,,,,,,,,,,,,,,,,,,,,,,,,,,,,,,,,,,,,,,,,,,,,,,,,,,,,,,,,,,,,,,,,,,,,,,,,,,,,,,,,,,,,,,,,,,,,,,,,,,,,,,,,,,,,,,,,,,
24,,温榆河（右岸）,,温榆河大桥,金  盏,Ⅴ,7.78,Ⅰ,8.5,Ⅰ,7.1,Ⅳ,25,Ⅳ,11,劣Ⅴ2,5.58,劣Ⅴ2,0.28,Ⅳ,0.001,Ⅰ,0.03,Ⅰ,0.445,Ⅰ,0.0002,Ⅰ,0.0017,Ⅰ,0.00002,Ⅰ,0,Ⅰ,0.002,Ⅰ,0.01,Ⅰ,0,Ⅰ,0,Ⅰ,0.09,Ⅳ,0.1,Ⅰ,0.003,Ⅰ,劣Ⅴ2,,否,,劣Ⅴ2,,,,,1,1,4,4,7,7,4,1,1,1,1,1,1,1,1,1,1,1,4,1,1,7,5,,,,,,,,,,,,,,,,,,,,,,,,,,,,,,,,,,,,,,,,,,,,,,,,,,,,,,,,,,,,,,,,,,,,,,,,,,,,,,,,,,,,,,,,,,,,,,,,,,,,,,,,,,,,,,,,,,,,,,,,,,,,,,,,,,,,,,,,,,,,,,,,,,,,,,,,,,,,,,,,,,,,,,,,,,,,,,
25,,北护城河,市管,东直门闸,和平街,Ⅳ,7.89,Ⅰ,8.8,Ⅰ,4.2,Ⅲ,14,Ⅰ,7.2,Ⅴ,0.288,Ⅱ,0.12,Ⅲ,0.001,Ⅰ,0.03,Ⅰ,0.434,Ⅰ,0.0002,Ⅰ,0.0002,Ⅰ,0.00026,Ⅳ,0,Ⅰ,0.002,Ⅰ,0.01,Ⅰ,0,Ⅰ,0,Ⅰ,0.01,Ⅰ,0.06,Ⅰ,0.003,Ⅰ,Ⅴ,Ⅴ,否,,Ⅴ,,,,,1,1,3,1,5,2,3,1,1,1,1,1,4,1,1,1,1,1,1,1,1,5,4,,,,,,,,,,,,,,,,,,,,,,,,,,,,,,,,,,,,,,,,,,,,,,,,,,,,,,,,,,,,,,,,,,,,,,,,,,,,,,,,,,,,,,,,,,,,,,,,,,,,,,,,,,,,,,,,,,,,,,,,,,,,,,,,,,,,,,,,,,,,,,,,,,,,,,,,,,,,,,,,,,,,,,,,,,,,,,
26,,坝  河,区管,香河园西街,和平街,Ⅳ,7.94,Ⅰ,8.5,Ⅰ,3.9,Ⅱ,12,Ⅰ,5.7,Ⅳ,0.279,Ⅱ,0.09,Ⅱ,0.001,Ⅰ,0.03,Ⅰ,0.365,Ⅰ,0.0002,Ⅰ,0.0004,Ⅰ,0.00011,Ⅳ,0,Ⅰ,0.002,Ⅰ,0.01,Ⅰ,0,Ⅰ,0,Ⅰ,0.03,Ⅰ,0.05,Ⅰ,0.003,Ⅰ,Ⅳ,,是,,Ⅳ,,,,,1,1,2,1,4,2,2,1,1,1,1,1,4,1,1,1,1,1,1,1,1,4,4,,,,,,,,,,,,,,,,,,,,,,,,,,,,,,,,,,,,,,,,,,,,,,,,,,,,,,,,,,,,,,,,,,,,,,,,,,,,,,,,,,,,,,,,,,,,,,,,,,,,,,,,,,,,,,,,,,,,,,,,,,,,,,,,,,,,,,,,,,,,,,,,,,,,,,,,,,,,,,,,,,,,,,,,,,,,,,
27,,坝  河,,太阳宫中路,香河园,Ⅳ,8.39,Ⅰ,8.3,Ⅰ,4,Ⅱ,15,Ⅰ,6.9,Ⅴ,0.284,Ⅱ,0.06,Ⅱ,0.001,Ⅰ,0.03,Ⅰ,0.301,Ⅰ,0.0002,Ⅰ,0.0007,Ⅰ,0.00002,Ⅰ,0,Ⅰ,0.002,Ⅰ,0.01,Ⅰ,0,Ⅰ,0,Ⅰ,0.03,Ⅰ,0.03,Ⅰ,0.003,Ⅰ,Ⅴ,,否,,Ⅴ,,,,,1,1,2,1,5,2,2,1,1,1,1,1,1,1,1,1,1,1,1,1,1,5,4,,,,,,,,,,,,,,,,,,,,,,,,,,,,,,,,,,,,,,,,,,,,,,,,,,,,,,,,,,,,,,,,,,,,,,,,,,,,,,,,,,,,,,,,,,,,,,,,,,,,,,,,,,,,,,,,,,,,,,,,,,,,,,,,,,,,,,,,,,,,,,,,,,,,,,,,,,,,,,,,,,,,,,,,,,,,,,
28,,坝  河,,京密路辅路,望  京,Ⅳ,8.68,Ⅰ,8.3,Ⅰ,4.7,Ⅲ,17,Ⅲ,7.2,Ⅴ,0.308,Ⅱ,0.07,Ⅱ,0.002,Ⅰ,0.03,Ⅰ,0.271,Ⅰ,0.0002,Ⅰ,0.0005,Ⅰ,0.0001,Ⅲ,0,Ⅰ,0.002,Ⅰ,0.01,Ⅰ,0,Ⅰ,0,Ⅰ,0.03,Ⅰ,0.09,Ⅰ,0.003,Ⅰ,Ⅴ,,否,,Ⅴ,,,,,1,1,3,3,5,2,2,1,1,1,1,1,3,1,1,1,1,1,1,1,1,5,4,,,,,,,,,,,,,,,,,,,,,,,,,,,,,,,,,,,,,,,,,,,,,,,,,,,,,,,,,,,,,,,,,,,,,,,,,,,,,,,,,,,,,,,,,,,,,,,,,,,,,,,,,,,,,,,,,,,,,,,,,,,,,,,,,,,,,,,,,,,,,,,,,,,,,,,,,,,,,,,,,,,,,,,,,,,,,,
29,,坝  河,,东四环北路辅路,太阳宫,Ⅳ,8.62,Ⅰ,8.2,Ⅰ,4.7,Ⅲ,18,Ⅲ,7.8,Ⅴ,0.284,Ⅱ,0.21,Ⅳ,0.001,Ⅰ,0.03,Ⅰ,0.266,Ⅰ,0.0002,Ⅰ,0.0007,Ⅰ,0.00009,Ⅲ,0,Ⅰ,0.002,Ⅰ,0.01,Ⅰ,0,Ⅰ,0,Ⅰ,0.05,Ⅰ,0.08,Ⅰ,0.003,Ⅰ,Ⅴ,,否,,Ⅴ,,,,,1,1,3,3,5,2,4,1,1,1,1,1,3,1,1,1,1,1,1,1,1,5,4,,,,,,,,,,,,,,,,,,,,,,,,,,,,,,,,,,,,,,,,,,,,,,,,,,,,,,,,,,,,,,,,,,,,,,,,,,,,,,,,,,,,,,,,,,,,,,,,,,,,,,,,,,,,,,,,,,,,,,,,,,,,,,,,,,,,,,,,,,,,,,,,,,,,,,,,,,,,,,,,,,,,,,,,,,,,,,
30,,坝  河,,将府公园桥,将  台,Ⅴ,8.53,Ⅰ,7.3,Ⅱ,3,Ⅱ,21,Ⅳ,8.2,Ⅴ,0.302,Ⅱ,0.11,Ⅲ,0.001,Ⅰ,0.03,Ⅰ,0.313,Ⅰ,0.0002,Ⅰ,0.0012,Ⅰ,0.00021,Ⅳ,0,Ⅰ,0.005,Ⅰ,0.01,Ⅰ,0,Ⅰ,0,Ⅰ,0.04,Ⅰ,0.08,Ⅰ,0.003,Ⅰ,Ⅴ,,是,,Ⅴ,,,,,1,2,2,4,5,2,3,1,1,1,1,1,4,1,1,1,1,1,1,1,1,5,5,,,,,,,,,,,,,,,,,,,,,,,,,,,,,,,,,,,,,,,,,,,,,,,,,,,,,,,,,,,,,,,,,,,,,,,,,,,,,,,,,,,,,,,,,,,,,,,,,,,,,,,,,,,,,,,,,,,,,,,,,,,,,,,,,,,,,,,,,,,,,,,,,,,,,,,,,,,,,,,,,,,,,,,,,,,,,,
31,,坝  河,,机场二高速下游无名桥,东  坝,Ⅴ,8.12,Ⅰ,7.8,Ⅰ,5,Ⅲ,16,Ⅲ,6.2,Ⅴ,5.36,劣Ⅴ2,0.45,劣Ⅴ1,0.003,Ⅰ,0.03,Ⅰ,0.341,Ⅰ,0.0002,Ⅰ,0.002,Ⅰ,0.00019,Ⅳ,0,Ⅰ,0.005,Ⅰ,0.01,Ⅰ,0,Ⅰ,0,Ⅰ,0.11,Ⅳ,0.1,Ⅰ,0.003,Ⅰ,劣Ⅴ2,,否,,劣Ⅴ2,,,,,1,1,3,3,5,7,6,1,1,1,1,1,4,1,1,1,1,1,4,1,1,7,5,,,,,,,,,,,,,,,,,,,,,,,,,,,,,,,,,,,,,,,,,,,,,,,,,,,,,,,,,,,,,,,,,,,,,,,,,,,,,,,,,,,,,,,,,,,,,,,,,,,,,,,,,,,,,,,,,,,,,,,,,,,,,,,,,,,,,,,,,,,,,,,,,,,,,,,,,,,,,,,,,,,,,,,,,,,,,,
32,,坝  河,,温榆河西路,金  盏,Ⅴ,7.93,Ⅰ,8.4,Ⅰ,5.4,Ⅲ,21,Ⅳ,10.4,劣Ⅴ2,4.47,劣Ⅴ1,0.36,Ⅴ,0.001,Ⅰ,0.03,Ⅰ,0.386,Ⅰ,0.0002,Ⅰ,0.0006,Ⅰ,0.00022,Ⅳ,0,Ⅰ,0.002,Ⅰ,0.01,Ⅰ,0,Ⅰ,0,Ⅰ,0.08,Ⅳ,0.12,Ⅰ,0.003,Ⅰ,劣Ⅴ2,,否,,劣Ⅴ2,,,,,1,1,3,4,7,6,5,1,1,1,1,1,4,1,1,1,1,1,4,1,1,7,5,,,,,,,,,,,,,,,,,,,,,,,,,,,,,,,,,,,,,,,,,,,,,,,,,,,,,,,,,,,,,,,,,,,,,,,,,,,,,,,,,,,,,,,,,,,,,,,,,,,,,,,,,,,,,,,,,,,,,,,,,,,,,,,,,,,,,,,,,,,,,,,,,,,,,,,,,,,,,,,,,,,,,,,,,,,,,,
33,,坝  河,区管,东三环北路辅路,左家庄、三里屯,Ⅳ,7.99,Ⅰ,8.2,Ⅰ,4.2,Ⅲ,9,Ⅰ,5.1,Ⅳ,0.435,Ⅱ,0.12,Ⅲ,0.001,Ⅰ,0.03,Ⅰ,0.296,Ⅰ,0.0002,Ⅰ,0.0002,Ⅰ,0.00022,Ⅳ,0,Ⅰ,0.002,Ⅰ,0.01,Ⅰ,0,Ⅰ,0,Ⅰ,0.04,Ⅰ,0.12,Ⅰ,0.003,Ⅰ,Ⅳ,,是,,Ⅳ,,,,,1,1,3,1,4,2,3,1,1,1,1,1,4,1,1,1,1,1,1,1,1,4,4,,,,,,,,,,,,,,,,,,,,,,,,,,,,,,,,,,,,,,,,,,,,,,,,,,,,,,,,,,,,,,,,,,,,,,,,,,,,,,,,,,,,,,,,,,,,,,,,,,,,,,,,,,,,,,,,,,,,,,,,,,,,,,,,,,,,,,,,,,,,,,,,,,,,,,,,,,,,,,,,,,,,,,,,,,,,,,
34,,坝  河,,东四环北路辅路,麦子店,Ⅳ,8.42,Ⅰ,8.4,Ⅰ,4.4,Ⅲ,13,Ⅰ,6.7,Ⅴ,0.429,Ⅱ,0.07,Ⅱ,0.002,Ⅰ,0.03,Ⅰ,0.318,Ⅰ,0.0002,Ⅰ,0.0002,Ⅰ,0.00018,Ⅳ,0,Ⅰ,0.002,Ⅰ,0.01,Ⅰ,0,Ⅰ,0,Ⅰ,0.03,Ⅰ,0.07,Ⅰ,0.003,Ⅰ,Ⅴ,,否,水浅无法采样,Ⅴ,,,,,1,1,3,1,5,2,2,1,1,1,1,1,4,1,1,1,1,1,1,1,1,5,4,,,,,,,,,,,,,,,,,,,,,,,,,,,,,,,,,,,,,,,,,,,,,,,,,,,,,,,,,,,,,,,,,,,,,,,,,,,,,,,,,,,,,,,,,,,,,,,,,,,,,,,,,,,,,,,,,,,,,,,,,,,,,,,,,,,,,,,,,,,,,,,,,,,,,,,,,,,,,,,,,,,,,,,,,,,,,,
35,,坝  河,,怡思苑北门桥,将台、酒仙桥,Ⅳ,8.55,Ⅰ,8.1,Ⅰ,4.5,Ⅲ,12,Ⅰ,6.7,Ⅴ,0.42,Ⅱ,0.06,Ⅱ,0.001,Ⅰ,0.03,Ⅰ,0.315,Ⅰ,0.0002,Ⅰ,0.001,Ⅰ,0.00027,Ⅳ,0,Ⅰ,0.002,Ⅰ,0.01,Ⅰ,0,Ⅰ,0,Ⅰ,0.06,Ⅳ,0.07,Ⅰ,0.003,Ⅰ,Ⅴ,,否,,Ⅴ,,,,,1,1,3,1,5,2,2,1,1,1,1,1,4,1,1,1,1,1,4,1,1,5,4,,,,,,,,,,,,,,,,,,,,,,,,,,,,,,,,,,,,,,,,,,,,,,,,,,,,,,,,,,,,,,,,,,,,,,,,,,,,,,,,,,,,,,,,,,,,,,,,,,,,,,,,,,,,,,,,,,,,,,,,,,,,,,,,,,,,,,,,,,,,,,,,,,,,,,,,,,,,,,,,,,,,,,,,,,,,,,
36,,坝  河,,酒仙桥路,酒仙桥、东风,Ⅳ,8.73,Ⅰ,8,Ⅰ,5.9,Ⅲ,22,Ⅳ,9.9,Ⅴ,0.458,Ⅱ,0.08,Ⅱ,0.001,Ⅰ,0.03,Ⅰ,0.305,Ⅰ,0.0002,Ⅰ,0.0016,Ⅰ,0.00028,Ⅳ,0,Ⅰ,0.006,Ⅰ,0.01,Ⅰ,0,Ⅰ,0,Ⅰ,0.08,Ⅳ,0.09,Ⅰ,0.003,Ⅰ,Ⅴ,,否,结冰破不开,Ⅴ,,,,,1,1,3,4,5,2,2,1,1,1,1,1,4,1,1,1,1,1,4,1,1,5,4,,,,,,,,,,,,,,,,,,,,,,,,,,,,,,,,,,,,,,,,,,,,,,,,,,,,,,,,,,,,,,,,,,,,,,,,,,,,,,,,,,,,,,,,,,,,,,,,,,,,,,,,,,,,,,,,,,,,,,,,,,,,,,,,,,,,,,,,,,,,,,,,,,,,,,,,,,,,,,,,,,,,,,,,,,,,,,
37,,坝  河,,三街坊市场桥,将台、东风,Ⅳ,8.8,Ⅰ,7.6,Ⅰ,4,Ⅱ,16,Ⅲ,8.1,Ⅴ,0.438,Ⅱ,0.04,Ⅱ,0.001,Ⅰ,0.03,Ⅰ,0.348,Ⅰ,0.0002,Ⅰ,0.0013,Ⅰ,0.00024,Ⅳ,0,Ⅰ,0.005,Ⅰ,0.01,Ⅰ,0,Ⅰ,0,Ⅰ,0.04,Ⅰ,0.1,Ⅰ,0.003,Ⅰ,Ⅴ,,否,,Ⅴ,,,,,1,1,2,3,5,2,2,1,1,1,1,1,4,1,1,1,1,1,1,1,1,5,4,,,,,,,,,,,,,,,,,,,,,,,,,,,,,,,,,,,,,,,,,,,,,,,,,,,,,,,,,,,,,,,,,,,,,,,,,,,,,,,,,,,,,,,,,,,,,,,,,,,,,,,,,,,,,,,,,,,,,,,,,,,,,,,,,,,,,,,,,,,,,,,,,,,,,,,,,,,,,,,,,,,,,,,,,,,,,,
38,,坝  河,,驼房营南路,将台、酒仙桥,Ⅳ,8.72,Ⅰ,8,Ⅰ,4.1,Ⅲ,13,Ⅰ,6,Ⅳ,0.209,Ⅱ,0.12,Ⅲ,0.001,Ⅰ,0.03,Ⅰ,0.322,Ⅰ,0.0002,Ⅰ,0.0008,Ⅰ,0.00014,Ⅳ,0,Ⅰ,0.005,Ⅰ,0.01,Ⅰ,0,Ⅰ,0,Ⅰ,0.05,Ⅰ,0.11,Ⅰ,0.003,Ⅰ,Ⅳ,,是,,Ⅳ,,,,,1,1,3,1,4,2,3,1,1,1,1,1,4,1,1,1,1,1,1,1,1,4,4,,,,,,,,,,,,,,,,,,,,,,,,,,,,,,,,,,,,,,,,,,,,,,,,,,,,,,,,,,,,,,,,,,,,,,,,,,,,,,,,,,,,,,,,,,,,,,,,,,,,,,,,,,,,,,,,,,,,,,,,,,,,,,,,,,,,,,,,,,,,,,,,,,,,,,,,,,,,,,,,,,,,,,,,,,,,,,
39,,坝  河,,南岗子七棵树,将台、东风,Ⅳ,8.23,Ⅰ,7.9,Ⅰ,4.2,Ⅲ,13,Ⅰ,6.4,Ⅴ,0.282,Ⅱ,0.12,Ⅲ,0.001,Ⅰ,0.03,Ⅰ,0.389,Ⅰ,0.0006,Ⅰ,0.0012,Ⅰ,0.00033,Ⅳ,0,Ⅰ,0.005,Ⅰ,0.01,Ⅰ,0,Ⅰ,0,Ⅰ,0.08,Ⅳ,0.1,Ⅰ,0.003,Ⅰ,Ⅴ,,否,,Ⅴ,,,,,1,1,3,1,5,2,3,1,1,1,1,1,4,1,1,1,1,1,4,1,1,5,4,,,,,,,,,,,,,,,,,,,,,,,,,,,,,,,,,,,,,,,,,,,,,,,,,,,,,,,,,,,,,,,,,,,,,,,,,,,,,,,,,,,,,,,,,,,,,,,,,,,,,,,,,,,,,,,,,,,,,,,,,,,,,,,,,,,,,,,,,,,,,,,,,,,,,,,,,,,,,,,,,,,,,,,,,,,,,,
40,,坝  河,,入坝河口,东  坝,Ⅳ,8.19,Ⅰ,7.8,Ⅰ,4.4,Ⅲ,21,Ⅳ,9.5,Ⅴ,0.337,Ⅱ,0.11,Ⅲ,0.001,Ⅰ,0.03,Ⅰ,0.388,Ⅰ,0.0002,Ⅰ,0.0011,Ⅰ,0.00016,Ⅳ,0,Ⅰ,0.002,Ⅰ,0.01,Ⅰ,0,Ⅰ,0,Ⅰ,0.05,Ⅰ,0.12,Ⅰ,0.003,Ⅰ,Ⅴ,,否,,Ⅴ,,,,,1,1,3,4,5,2,3,1,1,1,1,1,4,1,1,1,1,1,1,1,1,5,4,,,,,,,,,,,,,,,,,,,,,,,,,,,,,,,,,,,,,,,,,,,,,,,,,,,,,,,,,,,,,,,,,,,,,,,,,,,,,,,,,,,,,,,,,,,,,,,,,,,,,,,,,,,,,,,,,,,,,,,,,,,,,,,,,,,,,,,,,,,,,,,,,,,,,,,,,,,,,,,,,,,,,,,,,,,,,,
41,,坝  河,区管,入坝河口,东  坝,Ⅴ,8.12,Ⅰ,7.2,Ⅱ,4.6,Ⅲ,17,Ⅲ,7.8,Ⅴ,17,劣Ⅴ3,0.34,Ⅴ,0.002,Ⅰ,0.03,Ⅰ,0.512,Ⅰ,0.0005,Ⅰ,0.0042,Ⅰ,0.00016,Ⅳ,0,Ⅰ,0.012,Ⅱ,0.01,Ⅰ,0,Ⅰ,0,Ⅰ,0.04,Ⅰ,1.41,劣Ⅴ3,0.003,Ⅰ,劣Ⅴ3,劣Ⅴ3,否,,劣Ⅴ3,,,,,1,2,3,3,5,8,5,1,1,1,1,1,4,1,2,1,1,1,1,8,1,8,5,,,,,,,,,,,,,,,,,,,,,,,,,,,,,,,,,,,,,,,,,,,,,,,,,,,,,,,,,,,,,,,,,,,,,,,,,,,,,,,,,,,,,,,,,,,,,,,,,,,,,,,,,,,,,,,,,,,,,,,,,,,,,,,,,,,,,,,,,,,,,,,,,,,,,,,,,,,,,,,,,,,,,,,,,,,,,,
42,0,雍家坟排水沟,乡管,入坝河口,将  台,Ⅴ,/,劣Ⅴ4,/,Ⅰ,/,劣Ⅴ4,/,劣Ⅴ4,/,劣Ⅴ4,/,劣Ⅴ4,/,劣Ⅴ4,/,劣Ⅴ4,/,劣Ⅴ4,/,劣Ⅴ4,/,劣Ⅴ4,/,劣Ⅴ4,/,劣Ⅴ4,/,劣Ⅴ4,/,劣Ⅴ4,/,劣Ⅴ4,/,劣Ⅴ4,/,劣Ⅴ4,/,劣Ⅴ4,/,劣Ⅴ4,/,劣Ⅴ4,/,/,/,,/,,,,,9,1,9,9,9,9,9,9,9,9,9,9,9,9,9,9,9,9,9,9,9,9,5,,,,,,,,,,,,,,,,,,,,,,,,,,,,,,,,,,,,,,,,,,,,,,,,,,,,,,,,,,,,,,,,,,,,,,,,,,,,,,,,,,,,,,,,,,,,,,,,,,,,,,,,,,,,,,,,,,,,,,,,,,,,,,,,,,,,,,,,,,,,,,,,,,,,,,,,,,,,,,,,,,,,,,,,,,,,,,
43,0,马各庄排水沟,乡管,入坝河口,金  盏,Ⅴ,/,劣Ⅴ4,/,Ⅰ,/,劣Ⅴ4,/,劣Ⅴ4,/,劣Ⅴ4,/,劣Ⅴ4,/,劣Ⅴ4,/,劣Ⅴ4,/,劣Ⅴ4,/,劣Ⅴ4,/,劣Ⅴ4,/,劣Ⅴ4,/,劣Ⅴ4,/,劣Ⅴ4,/,劣Ⅴ4,/,劣Ⅴ4,/,劣Ⅴ4,/,劣Ⅴ4,/,劣Ⅴ4,/,劣Ⅴ4,/,劣Ⅴ4,/,/,/,,/,,,,,9,1,9,9,9,9,9,9,9,9,9,9,9,9,9,9,9,9,9,9,9,9,5,,,,,,,,,,,,,,,,,,,,,,,,,,,,,,,,,,,,,,,,,,,,,,,,,,,,,,,,,,,,,,,,,,,,,,,,,,,,,,,,,,,,,,,,,,,,,,,,,,,,,,,,,,,,,,,,,,,,,,,,,,,,,,,,,,,,,,,,,,,,,,,,,,,,,,,,,,,,,,,,,,,,,,,,,,,,,,
44,0,曹各庄排水沟,乡管,入坝河口,金  盏,Ⅴ,/,劣Ⅴ4,/,Ⅰ,/,劣Ⅴ4,/,劣Ⅴ4,/,劣Ⅴ4,/,劣Ⅴ4,/,劣Ⅴ4,/,劣Ⅴ4,/,劣Ⅴ4,/,劣Ⅴ4,/,劣Ⅴ4,/,劣Ⅴ4,/,劣Ⅴ4,/,劣Ⅴ4,/,劣Ⅴ4,/,劣Ⅴ4,/,劣Ⅴ4,/,劣Ⅴ4,/,劣Ⅴ4,/,劣Ⅴ4,/,劣Ⅴ4,/,/,/,,/,,,,,9,1,9,9,9,9,9,9,9,9,9,9,9,9,9,9,9,9,9,9,9,9,5,,,,,,,,,,,,,,,,,,,,,,,,,,,,,,,,,,,,,,,,,,,,,,,,,,,,,,,,,,,,,,,,,,,,,,,,,,,,,,,,,,,,,,,,,,,,,,,,,,,,,,,,,,,,,,,,,,,,,,,,,,,,,,,,,,,,,,,,,,,,,,,,,,,,,,,,,,,,,,,,,,,,,,,,,,,,,,
45,0,沙窝村南排水沟,乡管,入坝河口,金  盏,Ⅴ,/,劣Ⅴ4,/,Ⅰ,/,劣Ⅴ4,/,劣Ⅴ4,/,劣Ⅴ4,/,劣Ⅴ4,/,劣Ⅴ4,/,劣Ⅴ4,/,劣Ⅴ4,/,劣Ⅴ4,/,劣Ⅴ4,/,劣Ⅴ4,/,劣Ⅴ4,/,劣Ⅴ4,/,劣Ⅴ4,/,劣Ⅴ4,/,劣Ⅴ4,/,劣Ⅴ4,/,劣Ⅴ4,/,劣Ⅴ4,/,劣Ⅴ4,/,/,/,无水,/,,,,,9,1,9,9,9,9,9,9,9,9,9,9,9,9,9,9,9,9,9,9,9,9,5,,,,,,,,,,,,,,,,,,,,,,,,,,,,,,,,,,,,,,,,,,,,,,,,,,,,,,,,,,,,,,,,,,,,,,,,,,,,,,,,,,,,,,,,,,,,,,,,,,,,,,,,,,,,,,,,,,,,,,,,,,,,,,,,,,,,,,,,,,,,,,,,,,,,,,,,,,,,,,,,,,,,,,,,,,,,,,
46,,凉水河,市管,珊瑚桥,小红门,Ⅴ,7.74,Ⅰ,8.8,Ⅰ,2.8,Ⅱ,26,Ⅳ,2.5,Ⅰ,0.187,Ⅱ,0.07,Ⅱ,0.0005,Ⅰ,0.025,Ⅰ,0.26,Ⅰ,0.0002,Ⅰ,0.00015,Ⅰ,0.0003,Ⅳ,0.00005,Ⅰ,0.01,Ⅰ,0.001,Ⅰ,0.001,Ⅰ,0.0099,Ⅳ,0.03,Ⅰ,0.01,Ⅰ,0.003,Ⅰ,Ⅳ,Ⅳ,是,,Ⅳ,,,,,1,1,2,4,1,2,2,1,1,1,1,1,4,1,1,1,1,4,1,1,1,4,5,,,,,,,,,,,,,,,,,,,,,,,,,,,,,,,,,,,,,,,,,,,,,,,,,,,,,,,,,,,,,,,,,,,,,,,,,,,,,,,,,,,,,,,,,,,,,,,,,,,,,,,,,,,,,,,,,,,,,,,,,,,,,,,,,,,,,,,,,,,,,,,,,,,,,,,,,,,,,,,,,,,,,,,,,,,,,,
47,,通惠干渠,市管,双园路,高碑店,Ⅴ,7.76,Ⅰ,3.2,Ⅳ,11.8,Ⅴ,73,劣Ⅴ3,35.1,劣Ⅴ4,8.59,劣Ⅴ3,1.12,劣Ⅴ3,0.0005,Ⅰ,0.025,Ⅰ,0.4,Ⅰ,0.0002,Ⅰ,0.0009,Ⅰ,0.00214,劣Ⅴ4,0.00005,Ⅰ,0.142,劣Ⅴ4,0.003,Ⅰ,0.001,Ⅰ,0.0119,Ⅴ,0.21,Ⅳ,0.54,劣Ⅴ2,0.125,Ⅲ,劣Ⅴ4,,否,/,劣Ⅴ4,,,,,1,4,5,8,9,8,8,1,1,1,1,1,9,1,9,1,1,5,4,7,3,9,5,,,,,,,,,,,,,,,,,,,,,,,,,,,,,,,,,,,,,,,,,,,,,,,,,,,,,,,,,,,,,,,,,,,,,,,,,,,,,,,,,,,,,,,,,,,,,,,,,,,,,,,,,,,,,,,,,,,,,,,,,,,,,,,,,,,,,,,,,,,,,,,,,,,,,,,,,,,,,,,,,,,,,,,,,,,,,,
48,,通惠干渠,,京哈高速辅路,王四营,Ⅴ,8,Ⅰ,6.1,Ⅱ,7.1,Ⅳ,33,Ⅴ,7.1,Ⅴ,6.24,劣Ⅴ2,0.62,劣Ⅴ2,0.0005,Ⅰ,0.025,Ⅰ,0.28,Ⅰ,0.0002,Ⅰ,0.00015,Ⅰ,0.0006,Ⅳ,0.00005,Ⅰ,0.024,Ⅱ,0.004,Ⅰ,0.004,Ⅰ,0.0126,Ⅴ,0.28,Ⅳ,0.16,Ⅰ,0.013,Ⅰ,劣Ⅴ2,,否,/,劣Ⅴ2,,,,,1,2,4,5,5,7,7,1,1,1,1,1,4,1,2,1,1,5,4,1,1,7,5,,,,,,,,,,,,,,,,,,,,,,,,,,,,,,,,,,,,,,,,,,,,,,,,,,,,,,,,,,,,,,,,,,,,,,,,,,,,,,,,,,,,,,,,,,,,,,,,,,,,,,,,,,,,,,,,,,,,,,,,,,,,,,,,,,,,,,,,,,,,,,,,,,,,,,,,,,,,,,,,,,,,,,,,,,,,,,
49,,通惠干渠,,大鲁店北路,豆各庄、黑庄户,Ⅴ,8.48,Ⅰ,12.9,Ⅰ,6.6,Ⅳ,26,Ⅳ,11.3,劣Ⅴ2,0.583,Ⅲ,0.16,Ⅲ,0.0005,Ⅰ,0.025,Ⅰ,0.33,Ⅰ,0.0002,Ⅰ,0.00015,Ⅰ,0.0009,Ⅳ,0.00005,Ⅰ,0.019,Ⅱ,0.001,Ⅰ,0.004,Ⅰ,0.0028,Ⅲ,0.19,Ⅳ,0.19,Ⅰ,0.009,Ⅰ,劣Ⅴ2,,否,,劣Ⅴ2,,,,,1,1,4,4,7,3,3,1,1,1,1,1,4,1,2,1,1,3,4,1,1,7,5,,,,,,,,,,,,,,,,,,,,,,,,,,,,,,,,,,,,,,,,,,,,,,,,,,,,,,,,,,,,,,,,,,,,,,,,,,,,,,,,,,,,,,,,,,,,,,,,,,,,,,,,,,,,,,,,,,,,,,,,,,,,,,,,,,,,,,,,,,,,,,,,,,,,,,,,,,,,,,,,,,,,,,,,,,,,,,
50,,大羊坊沟,区管,东马路西侧无名桥,十八里店,Ⅴ,7.62,Ⅰ,7.9,Ⅰ,3.9,Ⅱ,19,Ⅲ,5.9,Ⅳ,8.59,劣Ⅴ3,0.46,劣Ⅴ1,0.0005,Ⅰ,0.025,Ⅰ,0.29,Ⅰ,0.0002,Ⅰ,0.00015,Ⅰ,0.00018,Ⅳ,0.00005,Ⅰ,0.009,Ⅰ,0.001,Ⅰ,0.008,Ⅱ,0.0124,Ⅴ,0.02,Ⅰ,0.15,Ⅰ,0.01,Ⅰ,劣Ⅴ3,劣Ⅴ3,否,,劣Ⅴ3,,,,,1,1,2,3,4,8,6,1,1,1,1,1,4,1,1,1,2,5,1,1,1,8,5,,,,,,,,,,,,,,,,,,,,,,,,,,,,,,,,,,,,,,,,,,,,,,,,,,,,,,,,,,,,,,,,,,,,,,,,,,,,,,,,,,,,,,,,,,,,,,,,,,,,,,,,,,,,,,,,,,,,,,,,,,,,,,,,,,,,,,,,,,,,,,,,,,,,,,,,,,,,,,,,,,,,,,,,,,,,,,
51,0,半壁店沟,区管,暗涵起点,南磨房,Ⅴ,/,劣Ⅴ4,/,Ⅰ,/,劣Ⅴ4,/,劣Ⅴ4,/,劣Ⅴ4,/,劣Ⅴ4,/,劣Ⅴ4,/,劣Ⅴ4,/,劣Ⅴ4,/,劣Ⅴ4,/,劣Ⅴ4,/,劣Ⅴ4,/,劣Ⅴ4,/,劣Ⅴ4,/,劣Ⅴ4,/,劣Ⅴ4,/,劣Ⅴ4,/,劣Ⅴ4,/,劣Ⅴ4,/,劣Ⅴ4,/,劣Ⅴ4,/,,/,/,/,,,,,9,1,9,9,9,9,9,9,9,9,9,9,9,9,9,9,9,9,9,9,9,9,5,,,,,,,,,,,,,,,,,,,,,,,,,,,,,,,,,,,,,,,,,,,,,,,,,,,,,,,,,,,,,,,,,,,,,,,,,,,,,,,,,,,,,,,,,,,,,,,,,,,,,,,,,,,,,,,,,,,,,,,,,,,,,,,,,,,,,,,,,,,,,,,,,,,,,,,,,,,,,,,,,,,,,,,,,,,,,,
52,0,半壁店沟,,铁路桥,王四营,Ⅴ,/,劣Ⅴ4,/,Ⅰ,/,劣Ⅴ4,/,劣Ⅴ4,/,劣Ⅴ4,/,劣Ⅴ4,/,劣Ⅴ4,/,劣Ⅴ4,/,劣Ⅴ4,/,劣Ⅴ4,/,劣Ⅴ4,/,劣Ⅴ4,/,劣Ⅴ4,/,劣Ⅴ4,/,劣Ⅴ4,/,劣Ⅴ4,/,劣Ⅴ4,/,劣Ⅴ4,/,劣Ⅴ4,/,劣Ⅴ4,/,劣Ⅴ4,/,,/,/,/,,,,,9,1,9,9,9,9,9,9,9,9,9,9,9,9,9,9,9,9,9,9,9,9,5,,,,,,,,,,,,,,,,,,,,,,,,,,,,,,,,,,,,,,,,,,,,,,,,,,,,,,,,,,,,,,,,,,,,,,,,,,,,,,,,,,,,,,,,,,,,,,,,,,,,,,,,,,,,,,,,,,,,,,,,,,,,,,,,,,,,,,,,,,,,,,,,,,,,,,,,,,,,,,,,,,,,,,,,,,,,,,
53,,半壁店沟,,半壁店村,高碑店,Ⅴ,7.38,Ⅰ,0.9,劣Ⅴ3,20.6,劣Ⅴ2,93,劣Ⅴ3,44.6,劣Ⅴ4,6.89,劣Ⅴ2,0.72,劣Ⅴ2,0.0005,Ⅰ,0.025,Ⅰ,0.59,Ⅰ,0.0002,Ⅰ,0.0004,Ⅰ,0.00033,Ⅳ,0.00005,Ⅰ,0.084,Ⅴ,0.004,Ⅰ,0.001,Ⅰ,0.0184,Ⅴ,1.27,劣Ⅴ2,0.55,劣Ⅴ2,0.011,Ⅰ,劣Ⅴ4,,否,/,劣Ⅴ4,,,,,1,8,7,8,9,7,7,1,1,1,1,1,4,1,5,1,1,5,7,7,1,9,5,,,,,,,,,,,,,,,,,,,,,,,,,,,,,,,,,,,,,,,,,,,,,,,,,,,,,,,,,,,,,,,,,,,,,,,,,,,,,,,,,,,,,,,,,,,,,,,,,,,,,,,,,,,,,,,,,,,,,,,,,,,,,,,,,,,,,,,,,,,,,,,,,,,,,,,,,,,,,,,,,,,,,,,,,,,,,,
54,,大柳树沟,区管,金蝉西路,南磨房,Ⅴ,8.32,Ⅰ,11.7,Ⅰ,12.4,Ⅴ,22,Ⅳ,2.3,Ⅰ,0.793,Ⅲ,0.07,Ⅱ,0.0005,Ⅰ,0.025,Ⅰ,0.26,Ⅰ,0.0002,Ⅰ,0.00015,Ⅰ,0.00038,Ⅳ,0.00005,Ⅰ,0.006,Ⅰ,0.004,Ⅰ,0.004,Ⅰ,0.0145,Ⅴ,0.02,Ⅰ,0.04,Ⅰ,0.02,Ⅰ,Ⅴ,,是,,Ⅴ,,,,,1,1,5,4,1,3,2,1,1,1,1,1,4,1,1,1,1,5,1,1,1,5,5,,,,,,,,,,,,,,,,,,,,,,,,,,,,,,,,,,,,,,,,,,,,,,,,,,,,,,,,,,,,,,,,,,,,,,,,,,,,,,,,,,,,,,,,,,,,,,,,,,,,,,,,,,,,,,,,,,,,,,,,,,,,,,,,,,,,,,,,,,,,,,,,,,,,,,,,,,,,,,,,,,,,,,,,,,,,,,
55,,大柳树沟,,孛罗营北闸,王四营,Ⅴ,8.84,Ⅰ,13.3,Ⅰ,7.1,Ⅳ,38,Ⅴ,5.1,Ⅳ,2.74,劣Ⅴ1,0.45,劣Ⅴ1,0.0005,Ⅰ,0.025,Ⅰ,0.34,Ⅰ,0.0002,Ⅰ,0.0017,Ⅰ,0.00049,Ⅳ,0.00005,Ⅰ,0.042,Ⅱ,0.002,Ⅰ,0.001,Ⅰ,0.0068,Ⅳ,7.53,劣Ⅴ4,0.37,劣Ⅴ1,0.061,Ⅱ,劣Ⅴ4,,否,,劣Ⅴ4,,,,,1,1,4,5,4,6,6,1,1,1,1,1,4,1,2,1,1,4,9,6,2,9,5,,,,,,,,,,,,,,,,,,,,,,,,,,,,,,,,,,,,,,,,,,,,,,,,,,,,,,,,,,,,,,,,,,,,,,,,,,,,,,,,,,,,,,,,,,,,,,,,,,,,,,,,,,,,,,,,,,,,,,,,,,,,,,,,,,,,,,,,,,,,,,,,,,,,,,,,,,,,,,,,,,,,,,,,,,,,,,
56,,大柳树沟,,天达路,豆各庄,Ⅴ,8.4,Ⅰ,9.7,Ⅰ,6.3,Ⅳ,25,Ⅳ,8.5,Ⅴ,4.31,劣Ⅴ1,0.38,Ⅴ,0.0005,Ⅰ,0.025,Ⅰ,0.26,Ⅰ,0.0002,Ⅰ,0.00015,Ⅰ,0.00008,Ⅲ,0.00005,Ⅰ,0.022,Ⅱ,0.003,Ⅰ,0.006,Ⅱ,0.0102,Ⅴ,0.19,Ⅳ,0.06,Ⅰ,0.006,Ⅰ,劣Ⅴ1,,否,/,劣Ⅴ1,,,,,1,1,4,4,5,6,5,1,1,1,1,1,3,1,2,1,2,5,4,1,1,6,5,,,,,,,,,,,,,,,,,,,,,,,,,,,,,,,,,,,,,,,,,,,,,,,,,,,,,,,,,,,,,,,,,,,,,,,,,,,,,,,,,,,,,,,,,,,,,,,,,,,,,,,,,,,,,,,,,,,,,,,,,,,,,,,,,,,,,,,,,,,,,,,,,,,,,,,,,,,,,,,,,,,,,,,,,,,,,,
57,0,萧太后河,区管,小武基建材城,十八里店,Ⅴ,/,劣Ⅴ4,/,Ⅰ,/,劣Ⅴ4,/,劣Ⅴ4,/,劣Ⅴ4,/,劣Ⅴ4,/,劣Ⅴ4,/,劣Ⅴ4,/,劣Ⅴ4,/,劣Ⅴ4,/,劣Ⅴ4,/,劣Ⅴ4,/,劣Ⅴ4,/,劣Ⅴ4,/,劣Ⅴ4,/,劣Ⅴ4,/,劣Ⅴ4,/,劣Ⅴ4,/,劣Ⅴ4,/,劣Ⅴ4,/,劣Ⅴ4,/,,/,/,/,,,,,9,1,9,9,9,9,9,9,9,9,9,9,9,9,9,9,9,9,9,9,9,9,5,,,,,,,,,,,,,,,,,,,,,,,,,,,,,,,,,,,,,,,,,,,,,,,,,,,,,,,,,,,,,,,,,,,,,,,,,,,,,,,,,,,,,,,,,,,,,,,,,,,,,,,,,,,,,,,,,,,,,,,,,,,,,,,,,,,,,,,,,,,,,,,,,,,,,,,,,,,,,,,,,,,,,,,,,,,,,,
58,0,萧太后河,,翠城馨园南区,垡  头,Ⅴ,/,劣Ⅴ4,/,Ⅰ,/,劣Ⅴ4,/,劣Ⅴ4,/,劣Ⅴ4,/,劣Ⅴ4,/,劣Ⅴ4,/,劣Ⅴ4,/,劣Ⅴ4,/,劣Ⅴ4,/,劣Ⅴ4,/,劣Ⅴ4,/,劣Ⅴ4,/,劣Ⅴ4,/,劣Ⅴ4,/,劣Ⅴ4,/,劣Ⅴ4,/,劣Ⅴ4,/,劣Ⅴ4,/,劣Ⅴ4,/,劣Ⅴ4,/,,/,/,/,,,,,9,1,9,9,9,9,9,9,9,9,9,9,9,9,9,9,9,9,9,9,9,9,5,,,,,,,,,,,,,,,,,,,,,,,,,,,,,,,,,,,,,,,,,,,,,,,,,,,,,,,,,,,,,,,,,,,,,,,,,,,,,,,,,,,,,,,,,,,,,,,,,,,,,,,,,,,,,,,,,,,,,,,,,,,,,,,,,,,,,,,,,,,,,,,,,,,,,,,,,,,,,,,,,,,,,,,,,,,,,,
59,0,萧太后河,,康化路,十八里店,Ⅴ,/,劣Ⅴ4,/,Ⅰ,/,劣Ⅴ4,/,劣Ⅴ4,/,劣Ⅴ4,/,劣Ⅴ4,/,劣Ⅴ4,/,劣Ⅴ4,/,劣Ⅴ4,/,劣Ⅴ4,/,劣Ⅴ4,/,劣Ⅴ4,/,劣Ⅴ4,/,劣Ⅴ4,/,劣Ⅴ4,/,劣Ⅴ4,/,劣Ⅴ4,/,劣Ⅴ4,/,劣Ⅴ4,/,劣Ⅴ4,/,劣Ⅴ4,/,,/,/,/,,,,,9,1,9,9,9,9,9,9,9,9,9,9,9,9,9,9,9,9,9,9,9,9,5,,,,,,,,,,,,,,,,,,,,,,,,,,,,,,,,,,,,,,,,,,,,,,,,,,,,,,,,,,,,,,,,,,,,,,,,,,,,,,,,,,,,,,,,,,,,,,,,,,,,,,,,,,,,,,,,,,,,,,,,,,,,,,,,,,,,,,,,,,,,,,,,,,,,,,,,,,,,,,,,,,,,,,,,,,,,,,
60,,萧太后河,,湿地公园桥,豆各庄,Ⅴ,8.54,Ⅰ,13.3,Ⅰ,6.3,Ⅳ,11,Ⅰ,8.7,Ⅴ,0.632,Ⅲ,0.13,Ⅲ,0.0005,Ⅰ,0.025,Ⅰ,0.29,Ⅰ,0.0002,Ⅰ,0.00015,Ⅰ,0.00068,Ⅳ,0.00005,Ⅰ,0.023,Ⅱ,0.001,Ⅰ,0.001,Ⅰ,0.0032,Ⅲ,0.79,Ⅴ,0.13,Ⅰ,0.017,Ⅰ,Ⅴ,,是,/,Ⅴ,,,,,1,1,4,1,5,3,3,1,1,1,1,1,4,1,2,1,1,3,5,1,1,5,5,,,,,,,,,,,,,,,,,,,,,,,,,,,,,,,,,,,,,,,,,,,,,,,,,,,,,,,,,,,,,,,,,,,,,,,,,,,,,,,,,,,,,,,,,,,,,,,,,,,,,,,,,,,,,,,,,,,,,,,,,,,,,,,,,,,,,,,,,,,,,,,,,,,,,,,,,,,,,,,,,,,,,,,,,,,,,,
61,0,萧太后河,,通马路,黑庄户,Ⅴ,/,劣Ⅴ4,/,Ⅰ,/,劣Ⅴ4,/,劣Ⅴ4,/,劣Ⅴ4,/,劣Ⅴ4,/,劣Ⅴ4,/,劣Ⅴ4,/,劣Ⅴ4,/,劣Ⅴ4,/,劣Ⅴ4,/,劣Ⅴ4,/,劣Ⅴ4,/,劣Ⅴ4,/,劣Ⅴ4,/,劣Ⅴ4,/,劣Ⅴ4,/,劣Ⅴ4,/,劣Ⅴ4,/,劣Ⅴ4,/,劣Ⅴ4,/,,/,,/,,,,,9,1,9,9,9,9,9,9,9,9,9,9,9,9,9,9,9,9,9,9,9,9,5,,,,,,,,,,,,,,,,,,,,,,,,,,,,,,,,,,,,,,,,,,,,,,,,,,,,,,,,,,,,,,,,,,,,,,,,,,,,,,,,,,,,,,,,,,,,,,,,,,,,,,,,,,,,,,,,,,,,,,,,,,,,,,,,,,,,,,,,,,,,,,,,,,,,,,,,,,,,,,,,,,,,,,,,,,,,,,
62,,观音堂沟,区管,观音堂桥东侧无名桥,王四营,Ⅴ,7.68,Ⅰ,2.8,Ⅴ,7.4,Ⅳ,18,Ⅲ,10.5,劣Ⅴ2,4.57,劣Ⅴ1,0.64,劣Ⅴ2,0.0005,Ⅰ,0.025,Ⅰ,0.34,Ⅰ,0.0006,Ⅰ,0.0004,Ⅰ,0.00035,Ⅳ,0.00005,Ⅰ,0.081,Ⅴ,0.001,Ⅰ,0.002,Ⅰ,0.0144,Ⅴ,0.18,Ⅳ,0.37,劣Ⅴ1,0.055,Ⅱ,劣Ⅴ2,劣Ⅴ2,否,,劣Ⅴ2,,,,,1,5,4,3,7,6,7,1,1,1,1,1,4,1,5,1,1,5,4,6,2,7,5,,,,,,,,,,,,,,,,,,,,,,,,,,,,,,,,,,,,,,,,,,,,,,,,,,,,,,,,,,,,,,,,,,,,,,,,,,,,,,,,,,,,,,,,,,,,,,,,,,,,,,,,,,,,,,,,,,,,,,,,,,,,,,,,,,,,,,,,,,,,,,,,,,,,,,,,,,,,,,,,,,,,,,,,,,,,,,
63,,通惠排干,区管,京哈高速辅路,王四营,Ⅴ,7.65,Ⅰ,3.3,Ⅳ,6.8,Ⅳ,33,Ⅴ,8.5,Ⅴ,4.7,劣Ⅴ1,0.68,劣Ⅴ2,0.008,Ⅰ,0.025,Ⅰ,0.25,Ⅰ,0.0002,Ⅰ,0.00015,Ⅰ,0.00085,Ⅳ,0.00005,Ⅰ,0.014,Ⅱ,0.001,Ⅰ,0.001,Ⅰ,0.0065,Ⅳ,0.19,Ⅳ,0.19,Ⅰ,0.006,Ⅰ,劣Ⅴ2,,否,,劣Ⅴ2,,,,,1,4,4,5,5,6,7,1,1,1,1,1,4,1,2,1,1,4,4,1,1,7,5,,,,,,,,,,,,,,,,,,,,,,,,,,,,,,,,,,,,,,,,,,,,,,,,,,,,,,,,,,,,,,,,,,,,,,,,,,,,,,,,,,,,,,,,,,,,,,,,,,,,,,,,,,,,,,,,,,,,,,,,,,,,,,,,,,,,,,,,,,,,,,,,,,,,,,,,,,,,,,,,,,,,,,,,,,,,,,
64,,通惠排干,,大鲁店北路,豆各庄,Ⅴ,8.38,Ⅰ,9.9,Ⅰ,7.9,Ⅳ,17,Ⅲ,5.1,Ⅳ,3.9,劣Ⅴ1,0.46,劣Ⅴ1,0.16,Ⅱ,0.025,Ⅰ,0.29,Ⅰ,0.0002,Ⅰ,0.00015,Ⅰ,0.00027,Ⅳ,0.00005,Ⅰ,0.027,Ⅱ,0.001,Ⅰ,0.001,Ⅰ,0.0097,Ⅳ,0.19,Ⅳ,0.14,Ⅰ,0.01,Ⅰ,劣Ⅴ1,,否,/,劣Ⅴ1,,,,,1,1,4,3,4,6,6,2,1,1,1,1,4,1,2,1,1,4,4,1,1,6,5,,,,,,,,,,,,,,,,,,,,,,,,,,,,,,,,,,,,,,,,,,,,,,,,,,,,,,,,,,,,,,,,,,,,,,,,,,,,,,,,,,,,,,,,,,,,,,,,,,,,,,,,,,,,,,,,,,,,,,,,,,,,,,,,,,,,,,,,,,,,,,,,,,,,,,,,,,,,,,,,,,,,,,,,,,,,,,
65,,南大沟,区管,双桥东路,黑庄户,Ⅴ,7.7,Ⅰ,4.9,Ⅳ,3.2,Ⅱ,6,Ⅰ,2.1,Ⅰ,2.88,劣Ⅴ1,0.5,劣Ⅴ1,0.0005,Ⅰ,0.025,Ⅰ,0.36,Ⅰ,0.0002,Ⅰ,0.0005,Ⅰ,0.00002,Ⅰ,0.00005,Ⅰ,0.044,Ⅱ,0.001,Ⅰ,0.001,Ⅰ,0.0021,Ⅲ,0.59,Ⅴ,0.12,Ⅰ,0.31,Ⅳ,劣Ⅴ1,劣Ⅴ1,否,,劣Ⅴ1,,,,,1,4,2,1,1,6,6,1,1,1,1,1,1,1,2,1,1,3,5,1,4,6,5,,,,,,,,,,,,,,,,,,,,,,,,,,,,,,,,,,,,,,,,,,,,,,,,,,,,,,,,,,,,,,,,,,,,,,,,,,,,,,,,,,,,,,,,,,,,,,,,,,,,,,,,,,,,,,,,,,,,,,,,,,,,,,,,,,,,,,,,,,,,,,,,,,,,,,,,,,,,,,,,,,,,,,,,,,,,,,
66,,东南郊清水干渠,区管,化工路,南磨房,Ⅴ,7.46,Ⅰ,11,Ⅰ,3.1,Ⅱ,2,Ⅰ,2.3,Ⅰ,1.14,Ⅳ,0.06,Ⅱ,0.0005,Ⅰ,0.025,Ⅰ,0.24,Ⅰ,0.0002,Ⅰ,0.00015,Ⅰ,0.00049,Ⅳ,0.00005,Ⅰ,0.018,Ⅱ,0.003,Ⅰ,0.001,Ⅰ,0.0034,Ⅲ,0.01,Ⅰ,0.08,Ⅰ,0.005,Ⅰ,Ⅳ,,是,/,Ⅳ,,,,,1,1,2,1,1,4,2,1,1,1,1,1,4,1,2,1,1,3,1,1,1,4,5,,,,,,,,,,,,,,,,,,,,,,,,,,,,,,,,,,,,,,,,,,,,,,,,,,,,,,,,,,,,,,,,,,,,,,,,,,,,,,,,,,,,,,,,,,,,,,,,,,,,,,,,,,,,,,,,,,,,,,,,,,,,,,,,,,,,,,,,,,,,,,,,,,,,,,,,,,,,,,,,,,,,,,,,,,,,,,
67,,东南郊清水干渠,,陶庄路,王四营,Ⅴ,6.67,Ⅰ,0.2,劣Ⅴ4,47.3,劣Ⅴ4,852,劣Ⅴ4,480,劣Ⅴ4,37.9,劣Ⅴ4,7.98,劣Ⅴ4,0.0005,Ⅰ,0.025,Ⅰ,0.29,Ⅰ,0.0002,Ⅰ,0.00015,Ⅰ,0.00174,劣Ⅴ4,0.00005,Ⅰ,0.487,劣Ⅴ4,0.001,Ⅰ,0.001,Ⅰ,0.1115,劣Ⅴ1,21.1,劣Ⅴ4,10.2,劣Ⅴ4,2.35,劣Ⅴ4,劣Ⅴ4,,否,/,劣Ⅴ4,,,,,1,9,9,9,9,9,9,1,1,1,1,1,9,1,9,1,1,6,9,9,9,9,5,,,,,,,,,,,,,,,,,,,,,,,,,,,,,,,,,,,,,,,,,,,,,,,,,,,,,,,,,,,,,,,,,,,,,,,,,,,,,,,,,,,,,,,,,,,,,,,,,,,,,,,,,,,,,,,,,,,,,,,,,,,,,,,,,,,,,,,,,,,,,,,,,,,,,,,,,,,,,,,,,,,,,,,,,,,,,,
68,,东南郊清水干渠,,化工路（南）,垡  头,Ⅴ,7.43,Ⅰ,0.3,劣Ⅴ4,36.3,劣Ⅴ3,260,劣Ⅴ4,148,劣Ⅴ4,23.2,劣Ⅴ3,3.14,劣Ⅴ4,0.0005,Ⅰ,0.025,Ⅰ,0.36,Ⅰ,0.0002,Ⅰ,0.0005,Ⅰ,0.00033,Ⅳ,0.00005,Ⅰ,0.31,劣Ⅴ4,0.002,Ⅰ,0.001,Ⅰ,0.0461,Ⅴ,3.21,劣Ⅴ3,11.5,劣Ⅴ4,4.01,劣Ⅴ4,劣Ⅴ4,,否,/,劣Ⅴ4,,,,,1,9,8,9,9,8,9,1,1,1,1,1,4,1,9,1,1,5,8,9,9,9,5,,,,,,,,,,,,,,,,,,,,,,,,,,,,,,,,,,,,,,,,,,,,,,,,,,,,,,,,,,,,,,,,,,,,,,,,,,,,,,,,,,,,,,,,,,,,,,,,,,,,,,,,,,,,,,,,,,,,,,,,,,,,,,,,,,,,,,,,,,,,,,,,,,,,,,,,,,,,,,,,,,,,,,,,,,,,,,
69,,东南郊清水干渠,,武基路,王四营,Ⅴ,7.52,Ⅰ,0.4,劣Ⅴ4,35.7,劣Ⅴ3,260,劣Ⅴ4,115,劣Ⅴ4,30.3,劣Ⅴ4,4.26,劣Ⅴ4,0.0005,Ⅰ,0.025,Ⅰ,0.44,Ⅰ,0.0002,Ⅰ,0.00015,Ⅰ,0.0005,Ⅳ,0.00005,Ⅰ,0.099,Ⅴ,0.001,Ⅰ,0.001,Ⅰ,0.0822,Ⅴ,2.88,劣Ⅴ2,0.4,劣Ⅴ1,0.859,Ⅴ,劣Ⅴ4,,否,,劣Ⅴ4,,,,,1,9,8,9,9,9,9,1,1,1,1,1,4,1,5,1,1,5,7,6,5,9,5,,,,,,,,,,,,,,,,,,,,,,,,,,,,,,,,,,,,,,,,,,,,,,,,,,,,,,,,,,,,,,,,,,,,,,,,,,,,,,,,,,,,,,,,,,,,,,,,,,,,,,,,,,,,,,,,,,,,,,,,,,,,,,,,,,,,,,,,,,,,,,,,,,,,,,,,,,,,,,,,,,,,,,,,,,,,,,
70,,东南郊清水干渠,,小武基西直河村交汇处,十八里店,Ⅴ,7.81,Ⅰ,0.2,劣Ⅴ4,28.6,劣Ⅴ2,191,劣Ⅴ4,65.1,劣Ⅴ4,26.4,劣Ⅴ4,3.7,劣Ⅴ4,0.0005,Ⅰ,0.025,Ⅰ,0.36,Ⅰ,0.0002,Ⅰ,0.00015,Ⅰ,0.00042,Ⅳ,0.00005,Ⅰ,0.279,劣Ⅴ4,0.004,Ⅰ,0.001,Ⅰ,0.0473,Ⅴ,2.57,劣Ⅴ2,9.77,劣Ⅴ4,5.05,劣Ⅴ4,劣Ⅴ4,,否,,劣Ⅴ4,,,,,1,9,7,9,9,9,9,1,1,1,1,1,4,1,9,1,1,5,7,9,9,9,5,,,,,,,,,,,,,,,,,,,,,,,,,,,,,,,,,,,,,,,,,,,,,,,,,,,,,,,,,,,,,,,,,,,,,,,,,,,,,,,,,,,,,,,,,,,,,,,,,,,,,,,,,,,,,,,,,,,,,,,,,,,,,,,,,,,,,,,,,,,,,,,,,,,,,,,,,,,,,,,,,,,,,,,,,,,,,,
71,0,大稿沟,区管,双桥西路,豆各庄,Ⅴ,/,劣Ⅴ4,/,Ⅰ,/,劣Ⅴ4,/,劣Ⅴ4,/,劣Ⅴ4,/,劣Ⅴ4,/,劣Ⅴ4,/,劣Ⅴ4,/,劣Ⅴ4,/,劣Ⅴ4,/,劣Ⅴ4,/,劣Ⅴ4,/,劣Ⅴ4,/,劣Ⅴ4,/,劣Ⅴ4,/,劣Ⅴ4,/,劣Ⅴ4,/,劣Ⅴ4,/,劣Ⅴ4,/,劣Ⅴ4,/,劣Ⅴ4,/,,/,/,/,,,,,9,1,9,9,9,9,9,9,9,9,9,9,9,9,9,9,9,9,9,9,9,9,5,,,,,,,,,,,,,,,,,,,,,,,,,,,,,,,,,,,,,,,,,,,,,,,,,,,,,,,,,,,,,,,,,,,,,,,,,,,,,,,,,,,,,,,,,,,,,,,,,,,,,,,,,,,,,,,,,,,,,,,,,,,,,,,,,,,,,,,,,,,,,,,,,,,,,,,,,,,,,,,,,,,,,,,,,,,,,,
72,,大稿沟,,怡乐南街西侧桥,黑庄户,Ⅴ,7.46,Ⅰ,3.3,Ⅳ,6.4,Ⅳ,56,劣Ⅴ2,11.6,劣Ⅴ2,4.85,劣Ⅴ1,0.92,劣Ⅴ2,0.0005,Ⅰ,0.025,Ⅰ,0.26,Ⅰ,0.0002,Ⅰ,0.00015,Ⅰ,0.00016,Ⅳ,0.00005,Ⅰ,0.021,Ⅱ,0.001,Ⅰ,0.001,Ⅰ,0.0033,Ⅲ,0.62,Ⅴ,0.2,Ⅳ,3.62,劣Ⅴ4,劣Ⅴ4,,否,/,劣Ⅴ4,,,,,1,4,4,7,7,6,7,1,1,1,1,1,4,1,2,1,1,3,5,4,9,9,5,,,,,,,,,,,,,,,,,,,,,,,,,,,,,,,,,,,,,,,,,,,,,,,,,,,,,,,,,,,,,,,,,,,,,,,,,,,,,,,,,,,,,,,,,,,,,,,,,,,,,,,,,,,,,,,,,,,,,,,,,,,,,,,,,,,,,,,,,,,,,,,,,,,,,,,,,,,,,,,,,,,,,,,,,,,,,,
73,0,横街子排水沟,区管,牌坊闸,小红门,Ⅴ,/,劣Ⅴ4,/,Ⅰ,/,劣Ⅴ4,/,劣Ⅴ4,/,劣Ⅴ4,/,劣Ⅴ4,/,劣Ⅴ4,/,劣Ⅴ4,/,劣Ⅴ4,/,劣Ⅴ4,/,劣Ⅴ4,/,劣Ⅴ4,/,劣Ⅴ4,/,劣Ⅴ4,/,劣Ⅴ4,/,劣Ⅴ4,/,劣Ⅴ4,/,劣Ⅴ4,/,劣Ⅴ4,/,劣Ⅴ4,/,劣Ⅴ4,/,,/,,/,,,,,9,1,9,9,9,9,9,9,9,9,9,9,9,9,9,9,9,9,9,9,9,9,5,,,,,,,,,,,,,,,,,,,,,,,,,,,,,,,,,,,,,,,,,,,,,,,,,,,,,,,,,,,,,,,,,,,,,,,,,,,,,,,,,,,,,,,,,,,,,,,,,,,,,,,,,,,,,,,,,,,,,,,,,,,,,,,,,,,,,,,,,,,,,,,,,,,,,,,,,,,,,,,,,,,,,,,,,,,,,,
74,0,横街子排水沟,,滨河路西侧桥,十八里店,Ⅴ,/,劣Ⅴ4,/,Ⅰ,/,劣Ⅴ4,/,劣Ⅴ4,/,劣Ⅴ4,/,劣Ⅴ4,/,劣Ⅴ4,/,劣Ⅴ4,/,劣Ⅴ4,/,劣Ⅴ4,/,劣Ⅴ4,/,劣Ⅴ4,/,劣Ⅴ4,/,劣Ⅴ4,/,劣Ⅴ4,/,劣Ⅴ4,/,劣Ⅴ4,/,劣Ⅴ4,/,劣Ⅴ4,/,劣Ⅴ4,/,劣Ⅴ4,/,,/,/,/,,,,,9,1,9,9,9,9,9,9,9,9,9,9,9,9,9,9,9,9,9,9,9,9,5,,,,,,,,,,,,,,,,,,,,,,,,,,,,,,,,,,,,,,,,,,,,,,,,,,,,,,,,,,,,,,,,,,,,,,,,,,,,,,,,,,,,,,,,,,,,,,,,,,,,,,,,,,,,,,,,,,,,,,,,,,,,,,,,,,,,,,,,,,,,,,,,,,,,,,,,,,,,,,,,,,,,,,,,,,,,,,
75,,通惠河,市管,庆丰闸,双  井,Ⅳ,8.47,Ⅰ,8.5,Ⅰ,5.9,Ⅲ,22,Ⅳ,0.8,Ⅰ,0.441,Ⅱ,0.06,Ⅱ,0.0013,Ⅰ,0.005,Ⅰ,0.32,Ⅰ,0.0002,Ⅰ,0.00062,Ⅰ,0.00002,Ⅰ,0.00003,Ⅰ,0.005,Ⅰ,0,Ⅰ,0.002,Ⅰ,0.003,Ⅲ,0.07,Ⅳ,0.03,Ⅰ,0.007,Ⅰ,Ⅳ,,是,,Ⅳ,,,,,1,1,3,4,1,2,2,1,1,1,1,1,1,1,1,1,1,3,4,1,1,4,4,,,,,,,,,,,,,,,,,,,,,,,,,,,,,,,,,,,,,,,,,,,,,,,,,,,,,,,,,,,,,,,,,,,,,,,,,,,,,,,,,,,,,,,,,,,,,,,,,,,,,,,,,,,,,,,,,,,,,,,,,,,,,,,,,,,,,,,,,,,,,,,,,,,,,,,,,,,,,,,,,,,,,,,,,,,,,,
76,,通惠河,,西大望路,建 外 、南磨房,Ⅳ,8.5,Ⅰ,8.5,Ⅰ,5.6,Ⅲ,23,Ⅳ,0.3,Ⅰ,0.41,Ⅱ,0.05,Ⅱ,0.0013,Ⅰ,0.0067,Ⅰ,0.341,Ⅰ,0.0002,Ⅰ,0.00051,Ⅰ,0.00002,Ⅰ,0.00003,Ⅰ,0.006,Ⅰ,0,Ⅰ,0.002,Ⅰ,0.0024,Ⅲ,0.13,Ⅳ,0.03,Ⅰ,0.003,Ⅰ,Ⅳ,,是,,Ⅳ,,,,,1,1,3,4,1,2,2,1,1,1,1,1,1,1,1,1,1,3,4,1,1,4,4,,,,,,,,,,,,,,,,,,,,,,,,,,,,,,,,,,,,,,,,,,,,,,,,,,,,,,,,,,,,,,,,,,,,,,,,,,,,,,,,,,,,,,,,,,,,,,,,,,,,,,,,,,,,,,,,,,,,,,,,,,,,,,,,,,,,,,,,,,,,,,,,,,,,,,,,,,,,,,,,,,,,,,,,,,,,,,
77,,通惠河,,北花园中路,高碑店,Ⅴ,7.71,Ⅰ,8.6,Ⅰ,6.8,Ⅳ,24,Ⅳ,2.6,Ⅰ,1.43,Ⅳ,0.1,Ⅱ,0.0005,Ⅰ,0.0111,Ⅰ,0.296,Ⅰ,0.0002,Ⅰ,0.0007,Ⅰ,0.00002,Ⅰ,0.00003,Ⅰ,0.007,Ⅰ,0,Ⅰ,0.015,Ⅱ,0.0037,Ⅲ,0.04,Ⅰ,0.09,Ⅰ,0.003,Ⅰ,Ⅳ,,是,,Ⅳ,,,,,1,1,4,4,1,4,2,1,1,1,1,1,1,1,1,1,2,3,1,1,1,4,5,,,,,,,,,,,,,,,,,,,,,,,,,,,,,,,,,,,,,,,,,,,,,,,,,,,,,,,,,,,,,,,,,,,,,,,,,,,,,,,,,,,,,,,,,,,,,,,,,,,,,,,,,,,,,,,,,,,,,,,,,,,,,,,,,,,,,,,,,,,,,,,,,,,,,,,,,,,,,,,,,,,,,,,,,,,,,,
78,,通惠河,,双桥路,三间房,Ⅴ,7.66,Ⅰ,8.3,Ⅰ,7.2,Ⅳ,32,Ⅴ,2.8,Ⅰ,0.54,Ⅲ,0.11,Ⅲ,0.0003,Ⅰ,0.0055,Ⅰ,0.323,Ⅰ,0.00046,Ⅰ,0.00117,Ⅰ,0.00002,Ⅰ,0.00003,Ⅰ,0.005,Ⅰ,0,Ⅰ,0.013,Ⅱ,0.0021,Ⅲ,0.02,Ⅰ,0.06,Ⅰ,0.007,Ⅰ,Ⅴ,,是,,Ⅴ,,,,,1,1,4,5,1,3,3,1,1,1,1,1,1,1,1,1,2,3,1,1,1,5,5,,,,,,,,,,,,,,,,,,,,,,,,,,,,,,,,,,,,,,,,,,,,,,,,,,,,,,,,,,,,,,,,,,,,,,,,,,,,,,,,,,,,,,,,,,,,,,,,,,,,,,,,,,,,,,,,,,,,,,,,,,,,,,,,,,,,,,,,,,,,,,,,,,,,,,,,,,,,,,,,,,,,,,,,,,,,,,
79,,通惠河,,新八里桥,管  庄,Ⅴ,7.6,Ⅰ,8.7,Ⅰ,6.8,Ⅳ,19,Ⅲ,2.8,Ⅰ,0.484,Ⅱ,0.16,Ⅲ,0.0003,Ⅰ,0.0138,Ⅰ,0.334,Ⅰ,0.00086,Ⅰ,0.00058,Ⅰ,0.00002,Ⅰ,0.00003,Ⅰ,0.005,Ⅰ,0,Ⅰ,0.014,Ⅱ,0.0024,Ⅲ,0.02,Ⅰ,0.05,Ⅰ,0.003,Ⅰ,Ⅳ,,是,,Ⅳ,,,,,1,1,4,3,1,2,3,1,1,1,1,1,1,1,1,1,2,3,1,1,1,4,5,,,,,,,,,,,,,,,,,,,,,,,,,,,,,,,,,,,,,,,,,,,,,,,,,,,,,,,,,,,,,,,,,,,,,,,,,,,,,,,,,,,,,,,,,,,,,,,,,,,,,,,,,,,,,,,,,,,,,,,,,,,,,,,,,,,,,,,,,,,,,,,,,,,,,,,,,,,,,,,,,,,,,,,,,,,,,,
80,0,二道沟,市管,金台路,团结湖、呼家楼,Ⅳ,/,劣Ⅴ4,/,Ⅰ,/,劣Ⅴ4,/,劣Ⅴ4,/,劣Ⅴ4,/,劣Ⅴ4,/,劣Ⅴ4,/,劣Ⅴ4,/,劣Ⅴ4,/,劣Ⅴ4,/,劣Ⅴ4,/,劣Ⅴ4,/,劣Ⅴ4,/,劣Ⅴ4,/,劣Ⅴ4,/,劣Ⅴ4,/,劣Ⅴ4,/,劣Ⅴ4,/,劣Ⅴ4,/,劣Ⅴ4,/,劣Ⅴ4,/,,/,,/,,,,,9,1,9,9,9,9,9,9,9,9,9,9,9,9,9,9,9,9,9,9,9,9,4,,,,,,,,,,,,,,,,,,,,,,,,,,,,,,,,,,,,,,,,,,,,,,,,,,,,,,,,,,,,,,,,,,,,,,,,,,,,,,,,,,,,,,,,,,,,,,,,,,,,,,,,,,,,,,,,,,,,,,,,,,,,,,,,,,,,,,,,,,,,,,,,,,,,,,,,,,,,,,,,,,,,,,,,,,,,,,
81,,二道沟,,铁路东侧桥,六里屯、八里庄,Ⅳ,8,Ⅰ,8.1,Ⅰ,5,Ⅲ,38,Ⅴ,2.1,Ⅰ,1.58,Ⅴ,0.26,Ⅳ,0.0009,Ⅰ,0.0043,Ⅰ,0.384,Ⅰ,0.0002,Ⅰ,0.0007,Ⅰ,0.00002,Ⅰ,0.00003,Ⅰ,0.002,Ⅰ,0,Ⅰ,0.009,Ⅱ,0.0018,Ⅰ,0.03,Ⅰ,0.03,Ⅰ,0.003,Ⅰ,Ⅴ,,否,,Ⅴ,,,,,1,1,3,5,1,5,4,1,1,1,1,1,1,1,1,1,2,1,1,1,1,5,4,,,,,,,,,,,,,,,,,,,,,,,,,,,,,,,,,,,,,,,,,,,,,,,,,,,,,,,,,,,,,,,,,,,,,,,,,,,,,,,,,,,,,,,,,,,,,,,,,,,,,,,,,,,,,,,,,,,,,,,,,,,,,,,,,,,,,,,,,,,,,,,,,,,,,,,,,,,,,,,,,,,,,,,,,,,,,,
82,,二道沟,,朝阳路,平  房,Ⅳ,7.68,Ⅰ,8.7,Ⅰ,4.4,Ⅲ,16,Ⅲ,1.5,Ⅰ,1.36,Ⅳ,0.23,Ⅳ,0.0004,Ⅰ,0.0058,Ⅰ,0.381,Ⅰ,0.0002,Ⅰ,0.00082,Ⅰ,0.00002,Ⅰ,0.00003,Ⅰ,0.002,Ⅰ,0.0001,Ⅰ,0.008,Ⅱ,0.0017,Ⅰ,0.02,Ⅰ,0.03,Ⅰ,0.003,Ⅰ,Ⅳ,,是,,Ⅳ,,,,,1,1,3,3,1,4,4,1,1,1,1,1,1,1,1,1,2,1,1,1,1,4,4,,,,,,,,,,,,,,,,,,,,,,,,,,,,,,,,,,,,,,,,,,,,,,,,,,,,,,,,,,,,,,,,,,,,,,,,,,,,,,,,,,,,,,,,,,,,,,,,,,,,,,,,,,,,,,,,,,,,,,,,,,,,,,,,,,,,,,,,,,,,,,,,,,,,,,,,,,,,,,,,,,,,,,,,,,,,,,
83,,二道沟,,入通惠河口,高碑店,Ⅳ,7.54,Ⅰ,8.6,Ⅰ,7,Ⅳ,28,Ⅳ,1.6,Ⅰ,0.521,Ⅲ,0.12,Ⅲ,0.0002,Ⅰ,0.0062,Ⅰ,0.282,Ⅰ,0.0002,Ⅰ,0.00074,Ⅰ,0.00002,Ⅰ,0.00003,Ⅰ,0.002,Ⅰ,0,Ⅰ,0.013,Ⅱ,0.0017,Ⅰ,0.02,Ⅰ,0.06,Ⅰ,0.009,Ⅰ,Ⅳ,,是,,Ⅳ,,,,,1,1,4,4,1,3,3,1,1,1,1,1,1,1,1,1,2,1,1,1,1,4,4,,,,,,,,,,,,,,,,,,,,,,,,,,,,,,,,,,,,,,,,,,,,,,,,,,,,,,,,,,,,,,,,,,,,,,,,,,,,,,,,,,,,,,,,,,,,,,,,,,,,,,,,,,,,,,,,,,,,,,,,,,,,,,,,,,,,,,,,,,,,,,,,,,,,,,,,,,,,,,,,,,,,,,,,,,,,,,
84,0,青年路沟,区管,白家楼,平  房,Ⅴ,/,劣Ⅴ4,/,Ⅰ,/,劣Ⅴ4,/,劣Ⅴ4,/,劣Ⅴ4,/,劣Ⅴ4,/,劣Ⅴ4,/,劣Ⅴ4,/,劣Ⅴ4,/,劣Ⅴ4,/,劣Ⅴ4,/,劣Ⅴ4,/,劣Ⅴ4,/,劣Ⅴ4,/,劣Ⅴ4,/,劣Ⅴ4,/,劣Ⅴ4,/,劣Ⅴ4,/,劣Ⅴ4,/,劣Ⅴ4,/,劣Ⅴ4,/,,/,,/,,,,,9,1,9,9,9,9,9,9,9,9,9,9,9,9,9,9,9,9,9,9,9,9,5,,,,,,,,,,,,,,,,,,,,,,,,,,,,,,,,,,,,,,,,,,,,,,,,,,,,,,,,,,,,,,,,,,,,,,,,,,,,,,,,,,,,,,,,,,,,,,,,,,,,,,,,,,,,,,,,,,,,,,,,,,,,,,,,,,,,,,,,,,,,,,,,,,,,,,,,,,,,,,,,,,,,,,,,,,,,,,
85,0,青年路沟,,入通惠河口,三间房,Ⅴ,/,劣Ⅴ4,/,Ⅰ,/,劣Ⅴ4,/,劣Ⅴ4,/,劣Ⅴ4,/,劣Ⅴ4,/,劣Ⅴ4,/,劣Ⅴ4,/,劣Ⅴ4,/,劣Ⅴ4,/,劣Ⅴ4,/,劣Ⅴ4,/,劣Ⅴ4,/,劣Ⅴ4,/,劣Ⅴ4,/,劣Ⅴ4,/,劣Ⅴ4,/,劣Ⅴ4,/,劣Ⅴ4,/,劣Ⅴ4,/,劣Ⅴ4,/,,/,现场不具备监测条件。,/,,,,,9,1,9,9,9,9,9,9,9,9,9,9,9,9,9,9,9,9,9,9,9,9,5,,,,,,,,,,,,,,,,,,,,,,,,,,,,,,,,,,,,,,,,,,,,,,,,,,,,,,,,,,,,,,,,,,,,,,,,,,,,,,,,,,,,,,,,,,,,,,,,,,,,,,,,,,,,,,,,,,,,,,,,,,,,,,,,,,,,,,,,,,,,,,,,,,,,,,,,,,,,,,,,,,,,,,,,,,,,,,
86,0,小场沟,区管,建材市场,平  房,Ⅴ,/,劣Ⅴ4,/,Ⅰ,/,劣Ⅴ4,/,劣Ⅴ4,/,劣Ⅴ4,/,劣Ⅴ4,/,劣Ⅴ4,/,劣Ⅴ4,/,劣Ⅴ4,/,劣Ⅴ4,/,劣Ⅴ4,/,劣Ⅴ4,/,劣Ⅴ4,/,劣Ⅴ4,/,劣Ⅴ4,/,劣Ⅴ4,/,劣Ⅴ4,/,劣Ⅴ4,/,劣Ⅴ4,/,劣Ⅴ4,/,劣Ⅴ4,/,,/,,/,,,,,9,1,9,9,9,9,9,9,9,9,9,9,9,9,9,9,9,9,9,9,9,9,5,,,,,,,,,,,,,,,,,,,,,,,,,,,,,,,,,,,,,,,,,,,,,,,,,,,,,,,,,,,,,,,,,,,,,,,,,,,,,,,,,,,,,,,,,,,,,,,,,,,,,,,,,,,,,,,,,,,,,,,,,,,,,,,,,,,,,,,,,,,,,,,,,,,,,,,,,,,,,,,,,,,,,,,,,,,,,,
87,0,小场沟,,管庄路,东  坝 、常  营,Ⅴ,/,劣Ⅴ4,/,Ⅰ,/,劣Ⅴ4,/,劣Ⅴ4,/,劣Ⅴ4,/,劣Ⅴ4,/,劣Ⅴ4,/,劣Ⅴ4,/,劣Ⅴ4,/,劣Ⅴ4,/,劣Ⅴ4,/,劣Ⅴ4,/,劣Ⅴ4,/,劣Ⅴ4,/,劣Ⅴ4,/,劣Ⅴ4,/,劣Ⅴ4,/,劣Ⅴ4,/,劣Ⅴ4,/,劣Ⅴ4,/,劣Ⅴ4,/,,/,无水,/,,,,,9,1,9,9,9,9,9,9,9,9,9,9,9,9,9,9,9,9,9,9,9,9,5,,,,,,,,,,,,,,,,,,,,,,,,,,,,,,,,,,,,,,,,,,,,,,,,,,,,,,,,,,,,,,,,,,,,,,,,,,,,,,,,,,,,,,,,,,,,,,,,,,,,,,,,,,,,,,,,,,,,,,,,,,,,,,,,,,,,,,,,,,,,,,,,,,,,,,,,,,,,,,,,,,,,,,,,,,,,,,
88,0,小场沟,,东高路,金  盏,Ⅴ,/,劣Ⅴ4,/,Ⅰ,/,劣Ⅴ4,/,劣Ⅴ4,/,劣Ⅴ4,/,劣Ⅴ4,/,劣Ⅴ4,/,劣Ⅴ4,/,劣Ⅴ4,/,劣Ⅴ4,/,劣Ⅴ4,/,劣Ⅴ4,/,劣Ⅴ4,/,劣Ⅴ4,/,劣Ⅴ4,/,劣Ⅴ4,/,劣Ⅴ4,/,劣Ⅴ4,/,劣Ⅴ4,/,劣Ⅴ4,/,劣Ⅴ4,/,,/,,/,,,,,9,1,9,9,9,9,9,9,9,9,9,9,9,9,9,9,9,9,9,9,9,9,5,,,,,,,,,,,,,,,,,,,,,,,,,,,,,,,,,,,,,,,,,,,,,,,,,,,,,,,,,,,,,,,,,,,,,,,,,,,,,,,,,,,,,,,,,,,,,,,,,,,,,,,,,,,,,,,,,,,,,,,,,,,,,,,,,,,,,,,,,,,,,,,,,,,,,,,,,,,,,,,,,,,,,,,,,,,,,,
89,0,小场沟,,金榆路,常  营,Ⅴ,/,劣Ⅴ4,/,Ⅰ,/,劣Ⅴ4,/,劣Ⅴ4,/,劣Ⅴ4,/,劣Ⅴ4,/,劣Ⅴ4,/,劣Ⅴ4,/,劣Ⅴ4,/,劣Ⅴ4,/,劣Ⅴ4,/,劣Ⅴ4,/,劣Ⅴ4,/,劣Ⅴ4,/,劣Ⅴ4,/,劣Ⅴ4,/,劣Ⅴ4,/,劣Ⅴ4,/,劣Ⅴ4,/,劣Ⅴ4,/,劣Ⅴ4,/,,/,,/,,,,,9,1,9,9,9,9,9,9,9,9,9,9,9,9,9,9,9,9,9,9,9,9,5,,,,,,,,,,,,,,,,,,,,,,,,,,,,,,,,,,,,,,,,,,,,,,,,,,,,,,,,,,,,,,,,,,,,,,,,,,,,,,,,,,,,,,,,,,,,,,,,,,,,,,,,,,,,,,,,,,,,,,,,,,,,,,,,,,,,,,,,,,,,,,,,,,,,,,,,,,,,,,,,,,,,,,,,,,,,,,
90,0,常营中心沟,区管,东高路,常  营,Ⅴ,/,劣Ⅴ4,/,Ⅰ,/,劣Ⅴ4,/,劣Ⅴ4,/,劣Ⅴ4,/,劣Ⅴ4,/,劣Ⅴ4,/,劣Ⅴ4,/,劣Ⅴ4,/,劣Ⅴ4,/,劣Ⅴ4,/,劣Ⅴ4,/,劣Ⅴ4,/,劣Ⅴ4,/,劣Ⅴ4,/,劣Ⅴ4,/,劣Ⅴ4,/,劣Ⅴ4,/,劣Ⅴ4,/,劣Ⅴ4,/,劣Ⅴ4,/,/,/,,/,,,,,9,1,9,9,9,9,9,9,9,9,9,9,9,9,9,9,9,9,9,9,9,9,5,,,,,,,,,,,,,,,,,,,,,,,,,,,,,,,,,,,,,,,,,,,,,,,,,,,,,,,,,,,,,,,,,,,,,,,,,,,,,,,,,,,,,,,,,,,,,,,,,,,,,,,,,,,,,,,,,,,,,,,,,,,,,,,,,,,,,,,,,,,,,,,,,,,,,,,,,,,,,,,,,,,,,,,,,,,,,,
91,,大华窑排水沟,区管,将台洼村,东  风,Ⅴ,7.94,Ⅰ,8.4,Ⅰ,17.8,劣Ⅴ1,49,劣Ⅴ1,5,Ⅳ,12.2,劣Ⅴ3,0.54,劣Ⅴ2,0.0011,Ⅰ,0.0081,Ⅰ,0.714,Ⅰ,0.0002,Ⅰ,0.0011,Ⅰ,0.00002,Ⅰ,0.00003,Ⅰ,0.002,Ⅰ,0,Ⅰ,0.002,Ⅰ,0.0062,Ⅳ,0.4,Ⅳ,0.55,劣Ⅴ2,0.007,Ⅰ,劣Ⅴ3,,否,,劣Ⅴ3,,,,,1,1,6,6,4,8,7,1,1,1,1,1,1,1,1,1,1,4,4,7,1,8,5,,,,,,,,,,,,,,,,,,,,,,,,,,,,,,,,,,,,,,,,,,,,,,,,,,,,,,,,,,,,,,,,,,,,,,,,,,,,,,,,,,,,,,,,,,,,,,,,,,,,,,,,,,,,,,,,,,,,,,,,,,,,,,,,,,,,,,,,,,,,,,,,,,,,,,,,,,,,,,,,,,,,,,,,,,,,,,
92,0,大华窑排水沟,,七棵树村,东  坝,Ⅴ,/,劣Ⅴ4,/,Ⅰ,/,劣Ⅴ4,/,劣Ⅴ4,/,劣Ⅴ4,/,劣Ⅴ4,/,劣Ⅴ4,/,劣Ⅴ4,/,劣Ⅴ4,/,劣Ⅴ4,/,劣Ⅴ4,/,劣Ⅴ4,/,劣Ⅴ4,/,劣Ⅴ4,/,劣Ⅴ4,/,劣Ⅴ4,/,劣Ⅴ4,/,劣Ⅴ4,/,劣Ⅴ4,/,劣Ⅴ4,/,劣Ⅴ4,/,,/,,/,,,,,9,1,9,9,9,9,9,9,9,9,9,9,9,9,9,9,9,9,9,9,9,9,5,,,,,,,,,,,,,,,,,,,,,,,,,,,,,,,,,,,,,,,,,,,,,,,,,,,,,,,,,,,,,,,,,,,,,,,,,,,,,,,,,,,,,,,,,,,,,,,,,,,,,,,,,,,,,,,,,,,,,,,,,,,,,,,,,,,,,,,,,,,,,,,,,,,,,,,,,,,,,,,,,,,,,,,,,,,,,,
93,,驹子房排水沟,区管,星火东路,东  风,Ⅴ,7.81,Ⅰ,8.5,Ⅰ,7.6,Ⅳ,26,Ⅳ,9.9,Ⅴ,4.62,劣Ⅴ1,0.3,Ⅳ,0.0002,Ⅰ,0.0037,Ⅰ,0.858,Ⅰ,0.0002,Ⅰ,0.00206,Ⅰ,0.00002,Ⅰ,0.00003,Ⅰ,0.007,Ⅰ,0,Ⅰ,0.002,Ⅰ,0.0113,Ⅴ,0.18,Ⅳ,0.29,Ⅳ,0.038,Ⅰ,劣Ⅴ1,,否,,劣Ⅴ1,,,,,1,1,4,4,5,6,4,1,1,1,1,1,1,1,1,1,1,5,4,4,1,6,5,,,,,,,,,,,,,,,,,,,,,,,,,,,,,,,,,,,,,,,,,,,,,,,,,,,,,,,,,,,,,,,,,,,,,,,,,,,,,,,,,,,,,,,,,,,,,,,,,,,,,,,,,,,,,,,,,,,,,,,,,,,,,,,,,,,,,,,,,,,,,,,,,,,,,,,,,,,,,,,,,,,,,,,,,,,,,,
94,0,驹子房排水沟,,平房村,平  房,Ⅴ,/,劣Ⅴ4,/,Ⅰ,/,劣Ⅴ4,/,劣Ⅴ4,/,劣Ⅴ4,/,劣Ⅴ4,/,劣Ⅴ4,/,劣Ⅴ4,/,劣Ⅴ4,/,劣Ⅴ4,/,劣Ⅴ4,/,劣Ⅴ4,/,劣Ⅴ4,/,劣Ⅴ4,/,劣Ⅴ4,/,劣Ⅴ4,/,劣Ⅴ4,/,劣Ⅴ4,/,劣Ⅴ4,/,劣Ⅴ4,/,劣Ⅴ4,/,,/,,/,,,,,9,1,9,9,9,9,9,9,9,9,9,9,9,9,9,9,9,9,9,9,9,9,5,,,,,,,,,,,,,,,,,,,,,,,,,,,,,,,,,,,,,,,,,,,,,,,,,,,,,,,,,,,,,,,,,,,,,,,,,,,,,,,,,,,,,,,,,,,,,,,,,,,,,,,,,,,,,,,,,,,,,,,,,,,,,,,,,,,,,,,,,,,,,,,,,,,,,,,,,,,,,,,,,,,,,,,,,,,,,,
95,0,驹子房排水沟,,豆各庄村,东  坝,Ⅴ,/,劣Ⅴ4,/,Ⅰ,/,劣Ⅴ4,/,劣Ⅴ4,/,劣Ⅴ4,/,劣Ⅴ4,/,劣Ⅴ4,/,劣Ⅴ4,/,劣Ⅴ4,/,劣Ⅴ4,/,劣Ⅴ4,/,劣Ⅴ4,/,劣Ⅴ4,/,劣Ⅴ4,/,劣Ⅴ4,/,劣Ⅴ4,/,劣Ⅴ4,/,劣Ⅴ4,/,劣Ⅴ4,/,劣Ⅴ4,/,劣Ⅴ4,/,,/,,/,,,,,9,1,9,9,9,9,9,9,9,9,9,9,9,9,9,9,9,9,9,9,9,9,5,,,,,,,,,,,,,,,,,,,,,,,,,,,,,,,,,,,,,,,,,,,,,,,,,,,,,,,,,,,,,,,,,,,,,,,,,,,,,,,,,,,,,,,,,,,,,,,,,,,,,,,,,,,,,,,,,,,,,,,,,,,,,,,,,,,,,,,,,,,,,,,,,,,,,,,,,,,,,,,,,,,,,,,,,,,,,,
96,0,东直门干渠,区管,两湖联通渠水站,麦子店,Ⅴ,/,劣Ⅴ4,/,Ⅰ,/,劣Ⅴ4,/,劣Ⅴ4,/,劣Ⅴ4,/,劣Ⅴ4,/,劣Ⅴ4,/,劣Ⅴ4,/,劣Ⅴ4,/,劣Ⅴ4,/,劣Ⅴ4,/,劣Ⅴ4,/,劣Ⅴ4,/,劣Ⅴ4,/,劣Ⅴ4,/,劣Ⅴ4,/,劣Ⅴ4,/,劣Ⅴ4,/,劣Ⅴ4,/,劣Ⅴ4,/,劣Ⅴ4,/,,/,,/,,,,,9,1,9,9,9,9,9,9,9,9,9,9,9,9,9,9,9,9,9,9,9,9,5,,,,,,,,,,,,,,,,,,,,,,,,,,,,,,,,,,,,,,,,,,,,,,,,,,,,,,,,,,,,,,,,,,,,,,,,,,,,,,,,,,,,,,,,,,,,,,,,,,,,,,,,,,,,,,,,,,,,,,,,,,,,,,,,,,,,,,,,,,,,,,,,,,,,,,,,,,,,,,,,,,,,,,,,,,,,,,
97,0,东直门干渠,,京包铁路闸,东  风,Ⅴ,/,劣Ⅴ4,/,Ⅰ,/,劣Ⅴ4,/,劣Ⅴ4,/,劣Ⅴ4,/,劣Ⅴ4,/,劣Ⅴ4,/,劣Ⅴ4,/,劣Ⅴ4,/,劣Ⅴ4,/,劣Ⅴ4,/,劣Ⅴ4,/,劣Ⅴ4,/,劣Ⅴ4,/,劣Ⅴ4,/,劣Ⅴ4,/,劣Ⅴ4,/,劣Ⅴ4,/,劣Ⅴ4,/,劣Ⅴ4,/,劣Ⅴ4,/,,/,无水,/,,,,,9,1,9,9,9,9,9,9,9,9,9,9,9,9,9,9,9,9,9,9,9,9,5,,,,,,,,,,,,,,,,,,,,,,,,,,,,,,,,,,,,,,,,,,,,,,,,,,,,,,,,,,,,,,,,,,,,,,,,,,,,,,,,,,,,,,,,,,,,,,,,,,,,,,,,,,,,,,,,,,,,,,,,,,,,,,,,,,,,,,,,,,,,,,,,,,,,,,,,,,,,,,,,,,,,,,,,,,,,,,
98,0,东直门干渠,,平房桥下,平  房,Ⅴ,/,劣Ⅴ4,/,Ⅰ,/,劣Ⅴ4,/,劣Ⅴ4,/,劣Ⅴ4,/,劣Ⅴ4,/,劣Ⅴ4,/,劣Ⅴ4,/,劣Ⅴ4,/,劣Ⅴ4,/,劣Ⅴ4,/,劣Ⅴ4,/,劣Ⅴ4,/,劣Ⅴ4,/,劣Ⅴ4,/,劣Ⅴ4,/,劣Ⅴ4,/,劣Ⅴ4,/,劣Ⅴ4,/,劣Ⅴ4,/,劣Ⅴ4,/,,/,无水,/,,,,,9,1,9,9,9,9,9,9,9,9,9,9,9,9,9,9,9,9,9,9,9,9,5,,,,,,,,,,,,,,,,,,,,,,,,,,,,,,,,,,,,,,,,,,,,,,,,,,,,,,,,,,,,,,,,,,,,,,,,,,,,,,,,,,,,,,,,,,,,,,,,,,,,,,,,,,,,,,,,,,,,,,,,,,,,,,,,,,,,,,,,,,,,,,,,,,,,,,,,,,,,,,,,,,,,,,,,,,,,,,
99,,两湖联通渠,区管,姚家园路,东  风,Ⅳ,7.9,Ⅰ,9.1,Ⅰ,5.9,Ⅲ,24,Ⅳ,2.4,Ⅰ,0.699,Ⅲ,0.08,Ⅱ,0.0004,Ⅰ,0.0059,Ⅰ,0.438,Ⅰ,0.00044,Ⅰ,0.00115,Ⅰ,0.00002,Ⅰ,0.00003,Ⅰ,0.004,Ⅰ,0,Ⅰ,0.002,Ⅰ,0.012,Ⅴ,0.04,Ⅰ,0.03,Ⅰ,0.003,Ⅰ,Ⅴ,Ⅴ,否,,Ⅴ,,,,,1,1,3,4,1,3,2,1,1,1,1,1,1,1,1,1,1,5,1,1,1,5,4,,,,,,,,,,,,,,,,,,,,,,,,,,,,,,,,,,,,,,,,,,,,,,,,,,,,,,,,,,,,,,,,,,,,,,,,,,,,,,,,,,,,,,,,,,,,,,,,,,,,,,,,,,,,,,,,,,,,,,,,,,,,,,,,,,,,,,,,,,,,,,,,,,,,,,,,,,,,,,,,,,,,,,,,,,,,,,
100,0,朝阳干渠,区管,高庙村,东  风,Ⅴ,/,劣Ⅴ4,/,Ⅰ,/,劣Ⅴ4,/,劣Ⅴ4,/,劣Ⅴ4,/,劣Ⅴ4,/,劣Ⅴ4,/,劣Ⅴ4,/,劣Ⅴ4,/,劣Ⅴ4,/,劣Ⅴ4,/,劣Ⅴ4,/,劣Ⅴ4,/,劣Ⅴ4,/,劣Ⅴ4,/,劣Ⅴ4,/,劣Ⅴ4,/,劣Ⅴ4,/,劣Ⅴ4,/,劣Ⅴ4,/,劣Ⅴ4,/,/,/,现场不具备监测条件。,/,,,,,9,1,9,9,9,9,9,9,9,9,9,9,9,9,9,9,9,9,9,9,9,9,5,,,,,,,,,,,,,,,,,,,,,,,,,,,,,,,,,,,,,,,,,,,,,,,,,,,,,,,,,,,,,,,,,,,,,,,,,,,,,,,,,,,,,,,,,,,,,,,,,,,,,,,,,,,,,,,,,,,,,,,,,,,,,,,,,,,,,,,,,,,,,,,,,,,,,,,,,,,,,,,,,,,,,,,,,,,,,,